id	category
filled/accessible	-
filled/ad-circle	-
filled/ad	-
filled/adjustments-horizontal	-
filled/adjustments	-
filled/aerial-lift	-
filled/affiliate	-
filled/air-balloon	-
filled/alarm-minus	-
filled/alarm-plus	-
filled/alarm-snooze	-
filled/alarm	-
filled/alert-circle	-
filled/alert-hexagon	-
filled/alert-octagon	-
filled/alert-square-rounded	-
filled/alert-square	-
filled/alert-triangle	-
filled/alien	-
filled/align-box-bottom-center	-
filled/align-box-bottom-left	-
filled/align-box-bottom-right	-
filled/align-box-center-middle	-
filled/align-box-left-bottom	-
filled/align-box-left-middle	-
filled/align-box-left-top	-
filled/align-box-right-bottom	-
filled/align-box-right-middle	-
filled/align-box-right-top	-
filled/align-box-top-center	-
filled/align-box-top-left	-
filled/align-box-top-right	-
filled/analyze	-
filled/app-window	-
filled/apple	-
filled/apps	-
filled/archive	-
filled/arrow-autofit-content	-
filled/arrow-autofit-down	-
filled/arrow-autofit-height	-
filled/arrow-autofit-left	-
filled/arrow-autofit-right	-
filled/arrow-autofit-up	-
filled/arrow-autofit-width	-
filled/arrow-badge-down	-
filled/arrow-badge-left	-
filled/arrow-badge-right	-
filled/arrow-badge-up	-
filled/arrow-big-down-line	-
filled/arrow-big-down-lines	-
filled/arrow-big-down	-
filled/arrow-big-left-line	-
filled/arrow-big-left-lines	-
filled/arrow-big-left	-
filled/arrow-big-right-line	-
filled/arrow-big-right-lines	-
filled/arrow-big-right	-
filled/arrow-big-up-line	-
filled/arrow-big-up-lines	-
filled/arrow-big-up	-
filled/arrow-down-circle	-
filled/arrow-down-rhombus	-
filled/arrow-down-square	-
filled/arrow-guide	-
filled/arrow-left-circle	-
filled/arrow-left-rhombus	-
filled/arrow-left-square	-
filled/arrow-move-down	-
filled/arrow-move-left	-
filled/arrow-move-right	-
filled/arrow-move-up	-
filled/arrow-right-circle	-
filled/arrow-right-rhombus	-
filled/arrow-right-square	-
filled/arrow-up-circle	-
filled/arrow-up-rhombus	-
filled/arrow-up-square	-
filled/artboard	-
filled/article	-
filled/aspect-ratio	-
filled/assembly	-
filled/asset	-
filled/atom-2	-
filled/automatic-gearbox	-
filled/award	-
filled/baby-carriage	-
filled/backspace	-
filled/badge-3d	-
filled/badge-4k	-
filled/badge-8k	-
filled/badge-ad	-
filled/badge-ar	-
filled/badge-cc	-
filled/badge-hd	-
filled/badge-sd	-
filled/badge-tm	-
filled/badge-vo	-
filled/badge-vr	-
filled/badge-wc	-
filled/badge	-
filled/badges	-
filled/ball-bowling	-
filled/balloon	-
filled/ballpen	-
filled/bandage	-
filled/barbell	-
filled/barrier-block	-
filled/basket	-
filled/bath	-
filled/battery-1	-
filled/battery-2	-
filled/battery-3	-
filled/battery-4	-
filled/battery-automotive	-
filled/battery-vertical-1	-
filled/battery-vertical-2	-
filled/battery-vertical-3	-
filled/battery-vertical-4	-
filled/battery-vertical	-
filled/battery	-
filled/bed-flat	-
filled/bed	-
filled/beer	-
filled/bell-minus	-
filled/bell-plus	-
filled/bell-ringing-2	-
filled/bell-ringing	-
filled/bell-x	-
filled/bell-z	-
filled/bell	-
filled/bike	-
filled/binary-tree-2	-
filled/binary-tree	-
filled/binoculars	-
filled/biohazard	-
filled/blade	-
filled/blender	-
filled/blob	-
filled/bolt	-
filled/bomb	-
filled/bone	-
filled/bong	-
filled/book	-
filled/bookmark	-
filled/bookmarks	-
filled/boom	-
filled/bottle	-
filled/bounce-left	-
filled/bounce-right	-
filled/bow	-
filled/bowl-chopsticks	-
filled/bowl-spoon	-
filled/bowl	-
filled/box-align-bottom-left	-
filled/box-align-bottom-right	-
filled/box-align-bottom	-
filled/box-align-left	-
filled/box-align-right	-
filled/box-align-top-left	-
filled/box-align-top-right	-
filled/box-align-top	-
filled/box-multiple	-
filled/brand-angular	-
filled/brand-apple	-
filled/brand-bitbucket	-
filled/brand-discord	-
filled/brand-dribbble	-
filled/brand-facebook	-
filled/brand-github	-
filled/brand-google	-
filled/brand-instagram	-
filled/brand-kick	-
filled/brand-linkedin	-
filled/brand-messenger	-
filled/brand-open-source	-
filled/brand-opera	-
filled/brand-patreon	-
filled/brand-paypal	-
filled/brand-pinterest	-
filled/brand-signal	-
filled/brand-sketch	-
filled/brand-snapchat	-
filled/brand-spotify	-
filled/brand-steam	-
filled/brand-stripe	-
filled/brand-tabler	-
filled/brand-tiktok	-
filled/brand-tinder	-
filled/brand-tumblr	-
filled/brand-twitter	-
filled/brand-vercel	-
filled/brand-vimeo	-
filled/brand-weibo	-
filled/brand-whatsapp	-
filled/brand-windows	-
filled/brand-x	-
filled/brand-youtube	-
filled/bread	-
filled/briefcase-2	-
filled/briefcase	-
filled/brightness-auto	-
filled/brightness-down	-
filled/brightness-up	-
filled/brightness	-
filled/bubble-text	-
filled/bubble	-
filled/bug	-
filled/building-bridge-2	-
filled/building-broadcast-tower	-
filled/bulb	-
filled/bus	-
filled/butterfly	-
filled/cactus	-
filled/calculator	-
filled/calendar-event	-
filled/calendar-month	-
filled/calendar-week	-
filled/calendar	-
filled/camera	-
filled/campfire	-
filled/candle	-
filled/cannabis	-
filled/capsule-horizontal	-
filled/capsule	-
filled/capture	-
filled/car-4wd	-
filled/car-crane	-
filled/car-fan	-
filled/car-suv	-
filled/car	-
filled/carambola	-
filled/caravan	-
filled/cardboards	-
filled/cards	-
filled/caret-down	-
filled/caret-left-right	-
filled/caret-left	-
filled/caret-right	-
filled/caret-up-down	-
filled/caret-up	-
filled/carousel-horizontal	-
filled/carousel-vertical	-
filled/cash-banknote	-
filled/category	-
filled/charging-pile	-
filled/chart-area-line	-
filled/chart-area	-
filled/chart-bubble	-
filled/chart-candle	-
filled/chart-donut	-
filled/chart-dots-2	-
filled/chart-dots-3	-
filled/chart-dots	-
filled/chart-funnel	-
filled/chart-grid-dots	-
filled/chart-pie-2	-
filled/chart-pie-3	-
filled/chart-pie-4	-
filled/chart-pie	-
filled/check	-
filled/chef-hat	-
filled/cherry	-
filled/chess-bishop	-
filled/chess-king	-
filled/chess-knight	-
filled/chess-queen	-
filled/chess-rook	-
filled/chess	-
filled/chevron-down	-
filled/chevron-right	-
filled/christmas-tree	-
filled/circle-arrow-down-left	-
filled/circle-arrow-down-right	-
filled/circle-arrow-down	-
filled/circle-arrow-left	-
filled/circle-arrow-right	-
filled/circle-arrow-up-left	-
filled/circle-arrow-up-right	-
filled/circle-arrow-up	-
filled/circle-caret-down	-
filled/circle-caret-left	-
filled/circle-caret-right	-
filled/circle-caret-up	-
filled/circle-check	-
filled/circle-chevron-down	-
filled/circle-chevron-left	-
filled/circle-chevron-right	-
filled/circle-chevron-up	-
filled/circle-chevrons-down	-
filled/circle-chevrons-left	-
filled/circle-chevrons-right	-
filled/circle-chevrons-up	-
filled/circle-dot	-
filled/circle-key	-
filled/circle-letter-a	-
filled/circle-letter-b	-
filled/circle-letter-c	-
filled/circle-letter-d	-
filled/circle-letter-e	-
filled/circle-letter-f	-
filled/circle-letter-g	-
filled/circle-letter-h	-
filled/circle-letter-i	-
filled/circle-letter-j	-
filled/circle-letter-k	-
filled/circle-letter-l	-
filled/circle-letter-m	-
filled/circle-letter-n	-
filled/circle-letter-o	-
filled/circle-letter-p	-
filled/circle-letter-q	-
filled/circle-letter-r	-
filled/circle-letter-s	-
filled/circle-letter-t	-
filled/circle-letter-u	-
filled/circle-letter-v	-
filled/circle-letter-w	-
filled/circle-letter-x	-
filled/circle-letter-y	-
filled/circle-letter-z	-
filled/circle-number-0	-
filled/circle-number-1	-
filled/circle-number-2	-
filled/circle-number-3	-
filled/circle-number-4	-
filled/circle-number-5	-
filled/circle-number-6	-
filled/circle-number-7	-
filled/circle-number-8	-
filled/circle-number-9	-
filled/circle-percentage	-
filled/circle-plus	-
filled/circle-rectangle	-
filled/circle-x	-
filled/circle	-
filled/circles	-
filled/click	-
filled/clipboard-check	-
filled/clipboard-data	-
filled/clipboard-list	-
filled/clipboard-plus	-
filled/clipboard-smile	-
filled/clipboard-text	-
filled/clipboard-typography	-
filled/clipboard-x	-
filled/clipboard	-
filled/clock-hour-1	-
filled/clock-hour-10	-
filled/clock-hour-11	-
filled/clock-hour-12	-
filled/clock-hour-2	-
filled/clock-hour-3	-
filled/clock-hour-4	-
filled/clock-hour-5	-
filled/clock-hour-6	-
filled/clock-hour-7	-
filled/clock-hour-8	-
filled/clock-hour-9	-
filled/clock	-
filled/cloud-computing	-
filled/cloud-data-connection	-
filled/cloud	-
filled/clover	-
filled/clubs	-
filled/code-circle-2	-
filled/code-circle	-
filled/coin-bitcoin	-
filled/coin-euro	-
filled/coin-monero	-
filled/coin-pound	-
filled/coin-rupee	-
filled/coin-taka	-
filled/coin-yen	-
filled/coin-yuan	-
filled/coin	-
filled/columns-1	-
filled/columns-2	-
filled/columns-3	-
filled/compass	-
filled/cone-2	-
filled/cone	-
filled/confetti	-
filled/container	-
filled/contrast-2	-
filled/contrast	-
filled/cookie-man	-
filled/cookie	-
filled/copy-check	-
filled/copy-minus	-
filled/copy-plus	-
filled/copy-x	-
filled/copy	-
filled/copyleft	-
filled/copyright	-
filled/credit-card	-
filled/crop-1-1	-
filled/crop-16-9	-
filled/crop-3-2	-
filled/crop-5-4	-
filled/crop-7-5	-
filled/crop-landscape	-
filled/crop-portrait	-
filled/cross	-
filled/crown	-
filled/current-location	-
filled/dashboard	-
filled/database	-
filled/device-cctv	-
filled/device-desktop	-
filled/device-floppy	-
filled/device-gamepad-2	-
filled/device-gamepad-3	-
filled/device-gamepad	-
filled/device-heart-monitor	-
filled/device-imac	-
filled/device-ipad	-
filled/device-mobile	-
filled/device-remote	-
filled/device-speaker	-
filled/device-tablet	-
filled/device-tv-old	-
filled/device-tv	-
filled/device-unknown	-
filled/device-usb	-
filled/device-vision-pro	-
filled/device-watch	-
filled/dialpad	-
filled/diamond	-
filled/diamonds	-
filled/dice-1	-
filled/dice-2	-
filled/dice-3	-
filled/dice-4	-
filled/dice-5	-
filled/dice-6	-
filled/dice	-
filled/direction-arrows	-
filled/direction-sign	-
filled/directions	-
filled/disc	-
filled/discount	-
filled/dots-vertical	-
filled/dots	-
filled/download	-
filled/drop-circle	-
filled/droplet-half-2	-
filled/droplet-half	-
filled/droplet	-
filled/droplets	-
filled/dual-screen	-
filled/dumpling	-
filled/ease-in-control-point	-
filled/ease-in-out-control-points	-
filled/ease-out-control-point	-
filled/edit	-
filled/egg-cracked	-
filled/egg-fried	-
filled/egg	-
filled/elevator	-
filled/engine	-
filled/escalator-down	-
filled/escalator-up	-
filled/escalator	-
filled/exchange	-
filled/exclamation-circle	-
filled/explicit	-
filled/exposure	-
filled/external-link	-
filled/eye-table	-
filled/eye	-
filled/eyeglass-2	-
filled/eyeglass	-
filled/face-mask	-
filled/favicon	-
filled/feather	-
filled/fence	-
filled/ferry	-
filled/fidget-spinner	-
filled/file-analytics	-
filled/file-check	-
filled/file-code-2	-
filled/file-code	-
filled/file-cv	-
filled/file-delta	-
filled/file-description	-
filled/file-diff	-
filled/file-digit	-
filled/file-dollar	-
filled/file-dots	-
filled/file-download	-
filled/file-euro	-
filled/file-function	-
filled/file-horizontal	-
filled/file-info	-
filled/file-invoice	-
filled/file-lambda	-
filled/file-minus	-
filled/file-music	-
filled/file-neutral	-
filled/file-pencil	-
filled/file-percent	-
filled/file-phone	-
filled/file-power	-
filled/file-rss	-
filled/file-sad	-
filled/file-scissors	-
filled/file-settings	-
filled/file-signal	-
filled/file-smile	-
filled/file-star	-
filled/file-text	-
filled/file-time	-
filled/file-typography	-
filled/file-unknown	-
filled/file-upload	-
filled/file-vector	-
filled/file-x	-
filled/file	-
filled/files	-
filled/filter	-
filled/filters	-
filled/fish-bone	-
filled/flag-2	-
filled/flag-3	-
filled/flag	-
filled/flame	-
filled/flare	-
filled/flask-2	-
filled/flask	-
filled/flower	-
filled/folder-open	-
filled/folder	-
filled/folders	-
filled/forbid-2	-
filled/forbid	-
filled/fountain	-
filled/function	-
filled/garden-cart	-
filled/gas-station	-
filled/gauge	-
filled/ghost-2	-
filled/ghost-3	-
filled/ghost	-
filled/gift-card	-
filled/gift	-
filled/glass-full	-
filled/glass	-
filled/globe	-
filled/golf	-
filled/gps	-
filled/graph	-
filled/grid-pattern	-
filled/guitar-pick	-
filled/hanger-2	-
filled/headphones	-
filled/headset	-
filled/heart-broken	-
filled/heart	-
filled/helicopter-landing	-
filled/helicopter	-
filled/help-circle	-
filled/help-hexagon	-
filled/help-octagon	-
filled/help-square-rounded	-
filled/help-square	-
filled/help-triangle	-
filled/help	-
filled/hexagon-letter-a	-
filled/hexagon-letter-b	-
filled/hexagon-letter-c	-
filled/hexagon-letter-d	-
filled/hexagon-letter-e	-
filled/hexagon-letter-f	-
filled/hexagon-letter-g	-
filled/hexagon-letter-h	-
filled/hexagon-letter-i	-
filled/hexagon-letter-j	-
filled/hexagon-letter-k	-
filled/hexagon-letter-l	-
filled/hexagon-letter-m	-
filled/hexagon-letter-n	-
filled/hexagon-letter-o	-
filled/hexagon-letter-p	-
filled/hexagon-letter-q	-
filled/hexagon-letter-r	-
filled/hexagon-letter-s	-
filled/hexagon-letter-t	-
filled/hexagon-letter-u	-
filled/hexagon-letter-v	-
filled/hexagon-letter-w	-
filled/hexagon-letter-x	-
filled/hexagon-letter-y	-
filled/hexagon-letter-z	-
filled/hexagon-minus	-
filled/hexagon-number-0	-
filled/hexagon-number-1	-
filled/hexagon-number-2	-
filled/hexagon-number-3	-
filled/hexagon-number-4	-
filled/hexagon-number-5	-
filled/hexagon-number-6	-
filled/hexagon-number-7	-
filled/hexagon-number-8	-
filled/hexagon-number-9	-
filled/hexagon-plus	-
filled/hexagon	-
filled/home-2	-
filled/home	-
filled/hospital-circle	-
filled/hourglass	-
filled/icons	-
filled/id	-
filled/info-circle	-
filled/info-hexagon	-
filled/info-octagon	-
filled/info-square-rounded	-
filled/info-square	-
filled/info-triangle	-
filled/inner-shadow-bottom-left	-
filled/inner-shadow-bottom-right	-
filled/inner-shadow-bottom	-
filled/inner-shadow-left	-
filled/inner-shadow-right	-
filled/inner-shadow-top-left	-
filled/inner-shadow-top-right	-
filled/inner-shadow-top	-
filled/ironing-1	-
filled/ironing-2	-
filled/ironing-3	-
filled/ironing-steam	-
filled/ironing	-
filled/jetpack	-
filled/jewish-star	-
filled/key	-
filled/keyboard	-
filled/keyframe-align-center	-
filled/keyframe-align-horizontal	-
filled/keyframe-align-vertical	-
filled/keyframe	-
filled/keyframes	-
filled/label-important	-
filled/label	-
filled/lasso-polygon	-
filled/laurel-wreath-1	-
filled/laurel-wreath-2	-
filled/laurel-wreath-3	-
filled/laurel-wreath	-
filled/layout-2	-
filled/layout-align-bottom	-
filled/layout-align-center	-
filled/layout-align-left	-
filled/layout-align-middle	-
filled/layout-align-right	-
filled/layout-align-top	-
filled/layout-board-split	-
filled/layout-board	-
filled/layout-bottombar-collapse	-
filled/layout-bottombar-expand	-
filled/layout-bottombar	-
filled/layout-cards	-
filled/layout-dashboard	-
filled/layout-distribute-horizontal	-
filled/layout-distribute-vertical	-
filled/layout-grid	-
filled/layout-kanban	-
filled/layout-list	-
filled/layout-navbar-collapse	-
filled/layout-navbar-expand	-
filled/layout-navbar	-
filled/layout-sidebar-left-collapse	-
filled/layout-sidebar-left-expand	-
filled/layout-sidebar-right-collapse	-
filled/layout-sidebar-right-expand	-
filled/layout-sidebar-right	-
filled/layout-sidebar	-
filled/layout	-
filled/leaf	-
filled/lego	-
filled/lemon-2	-
filled/library-plus	-
filled/library	-
filled/lifebuoy	-
filled/link	-
filled/list-check	-
filled/list-details	-
filled/list	-
filled/live-photo	-
filled/live-view	-
filled/location	-
filled/lock-square-rounded	-
filled/lock	-
filled/lungs	-
filled/macro	-
filled/magnet	-
filled/mail-opened	-
filled/mail	-
filled/man	-
filled/manual-gearbox	-
filled/map-pin	-
filled/medical-cross	-
filled/meeple	-
filled/melon	-
filled/menu-2	-
filled/message-2	-
filled/message-chatbot	-
filled/message-circle	-
filled/message-report	-
filled/message	-
filled/messages	-
filled/meteor	-
filled/michelin-star	-
filled/mickey	-
filled/microphone	-
filled/microscope	-
filled/microwave	-
filled/military-rank	-
filled/milk	-
filled/mood-angry	-
filled/mood-confused	-
filled/mood-crazy-happy	-
filled/mood-empty	-
filled/mood-happy	-
filled/mood-kid	-
filled/mood-neutral	-
filled/mood-sad	-
filled/mood-smile	-
filled/mood-wrrr	-
filled/moon	-
filled/motorbike	-
filled/mountain	-
filled/mouse	-
filled/mug	-
filled/mushroom	-
filled/navigation	-
filled/nurse	-
filled/octagon-minus	-
filled/octagon-plus	-
filled/octagon	-
filled/oval-vertical	-
filled/oval	-
filled/pacman	-
filled/paint	-
filled/palette	-
filled/panorama-horizontal	-
filled/panorama-vertical	-
filled/parking-circle	-
filled/paw	-
filled/pencil	-
filled/pennant-2	-
filled/pennant	-
filled/pentagon	-
filled/phone-call	-
filled/phone-calling	-
filled/phone-check	-
filled/phone-x	-
filled/phone	-
filled/photo	-
filled/picture-in-picture-top	-
filled/picture-in-picture	-
filled/pig	-
filled/pill	-
filled/pin	-
filled/pinned	-
filled/pizza	-
filled/plane-arrival	-
filled/plane-departure	-
filled/plane-tilt	-
filled/plane	-
filled/play-card-1	-
filled/play-card-10	-
filled/play-card-2	-
filled/play-card-3	-
filled/play-card-4	-
filled/play-card-5	-
filled/play-card-6	-
filled/play-card-7	-
filled/play-card-8	-
filled/play-card-9	-
filled/play-card-a	-
filled/play-card-j	-
filled/play-card-k	-
filled/play-card-q	-
filled/play-card-star	-
filled/play-card	-
filled/player-eject	-
filled/player-pause	-
filled/player-play	-
filled/player-record	-
filled/player-skip-back	-
filled/player-skip-forward	-
filled/player-stop	-
filled/player-track-next	-
filled/player-track-prev	-
filled/playlist	-
filled/plus	-
filled/point	-
filled/pointer	-
filled/polaroid	-
filled/poo	-
filled/presentation-analytics	-
filled/presentation	-
filled/puzzle	-
filled/quote	-
filled/radar	-
filled/radioactive	-
filled/receipt-dollar	-
filled/receipt-euro	-
filled/receipt-pound	-
filled/receipt-rupee	-
filled/receipt-yen	-
filled/receipt-yuan	-
filled/receipt	-
filled/rectangle-vertical	-
filled/rectangle	-
filled/registered	-
filled/relation-many-to-many	-
filled/relation-one-to-many	-
filled/relation-one-to-one	-
filled/replace	-
filled/report-analytics	-
filled/report-money	-
filled/rollercoaster	-
filled/rosette-discount-check	-
filled/rosette-discount	-
filled/rosette	-
filled/salad	-
filled/satellite	-
filled/scale	-
filled/school	-
filled/scuba-diving-tank	-
filled/search	-
filled/section	-
filled/seedling	-
filled/send	-
filled/settings	-
filled/shield-check	-
filled/shield-checkered	-
filled/shield-half	-
filled/shield-lock	-
filled/shield	-
filled/shirt	-
filled/shopping-cart	-
filled/sign-left	-
filled/sign-right	-
filled/sitemap	-
filled/sort-ascending-2	-
filled/sort-ascending-shapes	-
filled/sort-descending-2	-
filled/sort-descending-shapes	-
filled/soup	-
filled/spade	-
filled/sparkles-2	-
filled/sparkles	-
filled/speedboat	-
filled/spider	-
filled/square-arrow-down	-
filled/square-arrow-left	-
filled/square-arrow-right	-
filled/square-arrow-up	-
filled/square-asterisk	-
filled/square-check	-
filled/square-chevron-down	-
filled/square-chevron-left	-
filled/square-chevron-right	-
filled/square-chevron-up	-
filled/square-chevrons-down	-
filled/square-chevrons-left	-
filled/square-chevrons-right	-
filled/square-chevrons-up	-
filled/square-dot	-
filled/square-f0	-
filled/square-f1	-
filled/square-f2	-
filled/square-f3	-
filled/square-f4	-
filled/square-f5	-
filled/square-f6	-
filled/square-f7	-
filled/square-f8	-
filled/square-f9	-
filled/square-letter-a	-
filled/square-letter-b	-
filled/square-letter-c	-
filled/square-letter-d	-
filled/square-letter-e	-
filled/square-letter-f	-
filled/square-letter-g	-
filled/square-letter-h	-
filled/square-letter-i	-
filled/square-letter-j	-
filled/square-letter-k	-
filled/square-letter-l	-
filled/square-letter-m	-
filled/square-letter-n	-
filled/square-letter-o	-
filled/square-letter-p	-
filled/square-letter-q	-
filled/square-letter-r	-
filled/square-letter-s	-
filled/square-letter-t	-
filled/square-letter-u	-
filled/square-letter-v	-
filled/square-letter-w	-
filled/square-letter-x	-
filled/square-letter-y	-
filled/square-letter-z	-
filled/square-minus	-
filled/square-number-0	-
filled/square-number-1	-
filled/square-number-2	-
filled/square-number-3	-
filled/square-number-4	-
filled/square-number-5	-
filled/square-number-6	-
filled/square-number-7	-
filled/square-number-8	-
filled/square-number-9	-
filled/square-rotated	-
filled/square-rounded-arrow-down	-
filled/square-rounded-arrow-left	-
filled/square-rounded-arrow-right	-
filled/square-rounded-arrow-up	-
filled/square-rounded-check	-
filled/square-rounded-chevron-down	-
filled/square-rounded-chevron-left	-
filled/square-rounded-chevron-right	-
filled/square-rounded-chevron-up	-
filled/square-rounded-chevrons-down	-
filled/square-rounded-chevrons-left	-
filled/square-rounded-chevrons-right	-
filled/square-rounded-chevrons-up	-
filled/square-rounded-letter-a	-
filled/square-rounded-letter-b	-
filled/square-rounded-letter-c	-
filled/square-rounded-letter-d	-
filled/square-rounded-letter-e	-
filled/square-rounded-letter-f	-
filled/square-rounded-letter-g	-
filled/square-rounded-letter-h	-
filled/square-rounded-letter-i	-
filled/square-rounded-letter-j	-
filled/square-rounded-letter-k	-
filled/square-rounded-letter-l	-
filled/square-rounded-letter-m	-
filled/square-rounded-letter-n	-
filled/square-rounded-letter-o	-
filled/square-rounded-letter-p	-
filled/square-rounded-letter-q	-
filled/square-rounded-letter-r	-
filled/square-rounded-letter-s	-
filled/square-rounded-letter-t	-
filled/square-rounded-letter-u	-
filled/square-rounded-letter-v	-
filled/square-rounded-letter-w	-
filled/square-rounded-letter-x	-
filled/square-rounded-letter-y	-
filled/square-rounded-letter-z	-
filled/square-rounded-minus	-
filled/square-rounded-number-0	-
filled/square-rounded-number-1	-
filled/square-rounded-number-2	-
filled/square-rounded-number-3	-
filled/square-rounded-number-4	-
filled/square-rounded-number-5	-
filled/square-rounded-number-6	-
filled/square-rounded-number-7	-
filled/square-rounded-number-8	-
filled/square-rounded-number-9	-
filled/square-rounded-plus	-
filled/square-rounded-x	-
filled/square-rounded	-
filled/square-x	-
filled/square	-
filled/squares	-
filled/stack-2	-
filled/stack-3	-
filled/stack	-
filled/star-half	-
filled/star	-
filled/stars	-
filled/steering-wheel	-
filled/sun-high	-
filled/sun-low	-
filled/sun	-
filled/sunglasses	-
filled/sunrise	-
filled/sunset-2	-
filled/sunset	-
filled/swipe-down	-
filled/swipe-left	-
filled/swipe-right	-
filled/swipe-up	-
filled/table	-
filled/tag	-
filled/tags	-
filled/temperature-minus	-
filled/temperature-plus	-
filled/template	-
filled/test-pipe-2	-
filled/thumb-down	-
filled/thumb-up	-
filled/ticket	-
filled/tilt-shift	-
filled/timeline-event	-
filled/toggle-left	-
filled/toggle-right	-
filled/tools-kitchen-2	-
filled/train	-
filled/transform	-
filled/transition-bottom	-
filled/transition-left	-
filled/transition-right	-
filled/transition-top	-
filled/trash-x	-
filled/trash	-
filled/triangle-inverted	-
filled/triangle-square-circle	-
filled/triangle	-
filled/trolley	-
filled/trophy	-
filled/truck	-
filled/ufo	-
filled/umbrella	-
filled/user	-
filled/versions	-
filled/video-minus	-
filled/video-plus	-
filled/video	-
filled/windmill	-
filled/windsock	-
filled/woman	-
filled/world	-
filled/writing-sign	-
filled/writing	-
filled/x	-
filled/xbox-a	-
filled/xbox-b	-
filled/xbox-x	-
filled/xbox-y	-
filled/yin-yang	-
filled/zeppelin	-
filled/zoom-cancel	-
filled/zoom-check	-
filled/zoom-code	-
filled/zoom-exclamation	-
filled/zoom-in-area	-
filled/zoom-in	-
filled/zoom-money	-
filled/zoom-out-area	-
filled/zoom-out	-
filled/zoom-pan	-
filled/zoom-question	-
filled/zoom-scan	-
filled/zoom	-
outline/a-b-2	Text
outline/a-b-off	Text
outline/a-b	Development
outline/abacus-off	Math
outline/abacus	Math
outline/abc	Text
outline/access-point-off	Devices
outline/access-point	Devices
outline/accessible-off	Health
outline/accessible	Health
outline/acorn	Nature
outline/acrobatic	Sport
outline/activity-heartbeat	Health
outline/activity	Health
outline/ad-2	Design
outline/ad-circle-off	System
outline/ad-circle	System
outline/ad-off	Design
outline/ad	Design
outline/address-book-off	Communication
outline/address-book	Communication
outline/adjustments-alt	System
outline/adjustments-bolt	System
outline/adjustments-cancel	System
outline/adjustments-check	System
outline/adjustments-code	System
outline/adjustments-cog	System
outline/adjustments-dollar	System
outline/adjustments-down	System
outline/adjustments-exclamation	System
outline/adjustments-heart	System
outline/adjustments-horizontal	System
outline/adjustments-minus	System
outline/adjustments-off	System
outline/adjustments-pause	System
outline/adjustments-pin	System
outline/adjustments-plus	System
outline/adjustments-question	System
outline/adjustments-search	System
outline/adjustments-share	System
outline/adjustments-spark	System
outline/adjustments-star	System
outline/adjustments-up	System
outline/adjustments-x	System
outline/adjustments	System
outline/aerial-lift	Vehicles
outline/affiliate	System
outline/ai-agent	Development
outline/ai-agents	Development
outline/ai-gateway	Development
outline/ai	Development
outline/air-balloon	Vehicles
outline/air-conditioning-disabled	Devices
outline/air-conditioning	Devices
outline/air-traffic-control	Map
outline/alarm-average	System
outline/alarm-minus	System
outline/alarm-off	System
outline/alarm-plus	System
outline/alarm-smoke	Devices
outline/alarm-snooze	System
outline/alarm	System
outline/album-off	Media
outline/album	Media
outline/alert-circle-off	System
outline/alert-circle	System
outline/alert-hexagon-off	System
outline/alert-hexagon	System
outline/alert-octagon	System
outline/alert-small-off	System
outline/alert-small	System
outline/alert-square-rounded-off	System
outline/alert-square-rounded	System
outline/alert-square	System
outline/alert-triangle-off	System
outline/alert-triangle	System
outline/alien	Nature
outline/align-box-bottom-center	Text
outline/align-box-bottom-left	Text
outline/align-box-bottom-right	Text
outline/align-box-center-bottom	Text
outline/align-box-center-middle	Text
outline/align-box-center-stretch	Text
outline/align-box-center-top	Text
outline/align-box-left-bottom	Text
outline/align-box-left-middle	Text
outline/align-box-left-stretch	Text
outline/align-box-left-top	Text
outline/align-box-right-bottom	Text
outline/align-box-right-middle	Text
outline/align-box-right-stretch	Text
outline/align-box-right-top	Text
outline/align-box-top-center	Text
outline/align-box-top-left	Text
outline/align-box-top-right	Text
outline/align-center	Text
outline/align-justified	Text
outline/align-left-2	Text
outline/align-left	Text
outline/align-right-2	Text
outline/align-right	Text
outline/alpha	Letters
outline/alphabet-arabic	Text
outline/alphabet-bangla	Text
outline/alphabet-cyrillic	Text
outline/alphabet-greek	Text
outline/alphabet-hebrew	Text
outline/alphabet-korean	Text
outline/alphabet-latin	Text
outline/alphabet-polish	Text
outline/alphabet-runes	Text
outline/alphabet-thai	Text
outline/alt	Development
outline/ambulance	Vehicles
outline/ampersand	Math
outline/analyze-off	System
outline/analyze	System
outline/anchor-off	Map
outline/anchor	Map
outline/angle	Design
outline/ankh	Symbols
outline/antenna-bars-1	Devices
outline/antenna-bars-2	Devices
outline/antenna-bars-3	Devices
outline/antenna-bars-4	Devices
outline/antenna-bars-5	Devices
outline/antenna-bars-off	Devices
outline/antenna-off	Devices
outline/antenna	Devices
outline/aperture-off	Photography
outline/aperture	Photography
outline/api-app-off	Development
outline/api-app	Development
outline/api-book	Development
outline/api-off	Development
outline/api	Development
outline/app-window-bottom-left	System
outline/app-window-bottom-right	System
outline/app-window-bottom	System
outline/app-window-center	System
outline/app-window	System
outline/apple	Food
outline/apps-off	Development
outline/apps	Development
outline/archery-arrow	Games
outline/archive-off	Document
outline/archive	Document
outline/armchair-2-off	Buildings
outline/armchair-2	Buildings
outline/armchair-off	Buildings
outline/armchair	Buildings
outline/arrow-autofit-content	Arrows
outline/arrow-autofit-down	Arrows
outline/arrow-autofit-height	Arrows
outline/arrow-autofit-left	Arrows
outline/arrow-autofit-right	Arrows
outline/arrow-autofit-up	Arrows
outline/arrow-autofit-width	Arrows
outline/arrow-back-up-double	Arrows
outline/arrow-back-up	Arrows
outline/arrow-back	Arrows
outline/arrow-badge-down	Arrows
outline/arrow-badge-left	Arrows
outline/arrow-badge-right	Arrows
outline/arrow-badge-up	Arrows
outline/arrow-bar-both	Arrows
outline/arrow-bar-down	Arrows
outline/arrow-bar-left	Arrows
outline/arrow-bar-right	Arrows
outline/arrow-bar-to-down-dashed	Arrows
outline/arrow-bar-to-down	Arrows
outline/arrow-bar-to-left-dashed	Arrows
outline/arrow-bar-to-left	Arrows
outline/arrow-bar-to-right-dashed	Arrows
outline/arrow-bar-to-right	Arrows
outline/arrow-bar-to-up-dashed	Arrows
outline/arrow-bar-to-up	Arrows
outline/arrow-bar-up	Arrows
outline/arrow-bear-left-2	Arrows
outline/arrow-bear-left	Arrows
outline/arrow-bear-right-2	Arrows
outline/arrow-bear-right	Arrows
outline/arrow-big-down-line	Arrows
outline/arrow-big-down-lines	Arrows
outline/arrow-big-down	Arrows
outline/arrow-big-left-line	Arrows
outline/arrow-big-left-lines	Arrows
outline/arrow-big-left	Arrows
outline/arrow-big-right-line	Arrows
outline/arrow-big-right-lines	Arrows
outline/arrow-big-right	Arrows
outline/arrow-big-up-line	Arrows
outline/arrow-big-up-lines	Arrows
outline/arrow-big-up	Arrows
outline/arrow-bounce	Arrows
outline/arrow-capsule	Arrows
outline/arrow-curve-left	Arrows
outline/arrow-curve-right	Arrows
outline/arrow-down-bar	Arrows
outline/arrow-down-circle	Arrows
outline/arrow-down-dashed	Arrows
outline/arrow-down-from-arc	Arrows
outline/arrow-down-left-circle	Arrows
outline/arrow-down-left	Arrows
outline/arrow-down-rhombus	Arrows
outline/arrow-down-right-circle	Arrows
outline/arrow-down-right	Arrows
outline/arrow-down-square	Arrows
outline/arrow-down-tail	Arrows
outline/arrow-down-to-arc	Arrows
outline/arrow-down	Arrows
outline/arrow-elbow-left	Arrows
outline/arrow-elbow-right	Arrows
outline/arrow-fork-triple	Arrows
outline/arrow-fork	Arrows
outline/arrow-forward-up-double	Arrows
outline/arrow-forward-up	Arrows
outline/arrow-forward	Arrows
outline/arrow-guide	Arrows
outline/arrow-iteration	Arrows
outline/arrow-left-bar	Arrows
outline/arrow-left-circle	Arrows
outline/arrow-left-dashed	Arrows
outline/arrow-left-from-arc	Arrows
outline/arrow-left-rhombus	Arrows
outline/arrow-left-right	Arrows
outline/arrow-left-square	Arrows
outline/arrow-left-tail	Arrows
outline/arrow-left-to-arc	Arrows
outline/arrow-left	Arrows
outline/arrow-loop-left-2	Arrows
outline/arrow-loop-left	Arrows
outline/arrow-loop-right-2	Arrows
outline/arrow-loop-right	Arrows
outline/arrow-merge-alt-left	Arrows
outline/arrow-merge-alt-right	Arrows
outline/arrow-merge-both	Arrows
outline/arrow-merge-left	Arrows
outline/arrow-merge-right	Arrows
outline/arrow-merge	Arrows
outline/arrow-move-down	Arrows
outline/arrow-move-left	Arrows
outline/arrow-move-right	Arrows
outline/arrow-move-up	Arrows
outline/arrow-narrow-down-dashed	Arrows
outline/arrow-narrow-down	Arrows
outline/arrow-narrow-left-dashed	Arrows
outline/arrow-narrow-left	Arrows
outline/arrow-narrow-right-dashed	Arrows
outline/arrow-narrow-right	Arrows
outline/arrow-narrow-up-dashed	Arrows
outline/arrow-narrow-up	Arrows
outline/arrow-ramp-left-2	Arrows
outline/arrow-ramp-left-3	Arrows
outline/arrow-ramp-left	Arrows
outline/arrow-ramp-right-2	Arrows
outline/arrow-ramp-right-3	Arrows
outline/arrow-ramp-right	Arrows
outline/arrow-right-bar	Arrows
outline/arrow-right-circle	Arrows
outline/arrow-right-dashed	Arrows
outline/arrow-right-from-arc	Arrows
outline/arrow-right-rhombus	Arrows
outline/arrow-right-square	Arrows
outline/arrow-right-tail	Arrows
outline/arrow-right-to-arc	Arrows
outline/arrow-right	Arrows
outline/arrow-rotary-first-left	Arrows
outline/arrow-rotary-first-right	Arrows
outline/arrow-rotary-last-left	Arrows
outline/arrow-rotary-last-right	Arrows
outline/arrow-rotary-left	Arrows
outline/arrow-rotary-right	Arrows
outline/arrow-rotary-straight	Arrows
outline/arrow-roundabout-left	Arrows
outline/arrow-roundabout-right	Arrows
outline/arrow-sharp-turn-left	Arrows
outline/arrow-sharp-turn-right	Arrows
outline/arrow-up-bar	Arrows
outline/arrow-up-circle	Arrows
outline/arrow-up-dashed	Arrows
outline/arrow-up-from-arc	Arrows
outline/arrow-up-left-circle	Arrows
outline/arrow-up-left	Arrows
outline/arrow-up-rhombus	Arrows
outline/arrow-up-right-circle	Arrows
outline/arrow-up-right	Arrows
outline/arrow-up-square	Arrows
outline/arrow-up-tail	Arrows
outline/arrow-up-to-arc	Arrows
outline/arrow-up	Arrows
outline/arrow-wave-left-down	Arrows
outline/arrow-wave-left-up	Arrows
outline/arrow-wave-right-down	Arrows
outline/arrow-wave-right-up	Arrows
outline/arrow-zig-zag	Arrows
outline/arrows-cross	Arrows
outline/arrows-diagonal-2	Arrows
outline/arrows-diagonal-minimize-2	Arrows
outline/arrows-diagonal-minimize	Arrows
outline/arrows-diagonal	Arrows
outline/arrows-diff	Arrows
outline/arrows-double-ne-sw	Arrows
outline/arrows-double-nw-se	Arrows
outline/arrows-double-se-nw	Arrows
outline/arrows-double-sw-ne	Arrows
outline/arrows-down-up	Arrows
outline/arrows-down	Arrows
outline/arrows-exchange-2	Arrows
outline/arrows-exchange	Arrows
outline/arrows-horizontal	Arrows
outline/arrows-join-2	Arrows
outline/arrows-join	Arrows
outline/arrows-left-down	Arrows
outline/arrows-left-right	Arrows
outline/arrows-left	Arrows
outline/arrows-maximize	Arrows
outline/arrows-minimize	Arrows
outline/arrows-move-horizontal	Arrows
outline/arrows-move-vertical	Arrows
outline/arrows-move	Arrows
outline/arrows-random	Arrows
outline/arrows-right-down	Arrows
outline/arrows-right-left	Arrows
outline/arrows-right	Arrows
outline/arrows-shuffle-2	Arrows
outline/arrows-shuffle	Arrows
outline/arrows-sort	Arrows
outline/arrows-split-2	Arrows
outline/arrows-split	Arrows
outline/arrows-transfer-down	Arrows
outline/arrows-transfer-up-down	Arrows
outline/arrows-transfer-up	Arrows
outline/arrows-up-down	Arrows
outline/arrows-up-left	Arrows
outline/arrows-up-right	Arrows
outline/arrows-up	Arrows
outline/arrows-vertical	Arrows
outline/artboard-off	Design
outline/artboard	Design
outline/article-off	Document
outline/article	Document
outline/aspect-ratio-off	Media
outline/aspect-ratio	Media
outline/assembly-off	Development
outline/assembly	Development
outline/asset	Development
outline/asterisk-simple	Text
outline/asterisk	Text
outline/at-off	Text
outline/at	Text
outline/atom-2	Nature
outline/atom-off	Nature
outline/atom	Nature
outline/augmented-reality-2	System
outline/augmented-reality-off	System
outline/augmented-reality	System
outline/auth-2fa	Development
outline/automatic-gearbox	Vehicles
outline/automation	System
outline/avocado	Food
outline/award-off	Badges
outline/award	Badges
outline/axe	Games
outline/axis-x	Arrows
outline/axis-y	Arrows
outline/baby-bottle	Health
outline/baby-carriage	Health
outline/background	Design
outline/backhoe	Vehicles
outline/backpack-off	E-commerce
outline/backpack	E-commerce
outline/backslash	Math
outline/backspace	Text
outline/badge-2k	Badges
outline/badge-3d	Badges
outline/badge-3k	Badges
outline/badge-4k	Badges
outline/badge-5k	Badges
outline/badge-8k	Badges
outline/badge-ad-off	Badges
outline/badge-ad	Badges
outline/badge-ar	Badges
outline/badge-cc	Badges
outline/badge-hd	Badges
outline/badge-off	Badges
outline/badge-sd	Badges
outline/badge-tm	Badges
outline/badge-vo	Badges
outline/badge-vr	Badges
outline/badge-wc	Badges
outline/badge	Badges
outline/badges-off	Badges
outline/badges	Badges
outline/baguette	Food
outline/ball-american-football-off	Sport
outline/ball-american-football	Sport
outline/ball-baseball	Sport
outline/ball-basketball	Sport
outline/ball-bowling	Sport
outline/ball-football-off	Sport
outline/ball-football	Sport
outline/ball-tennis	Sport
outline/ball-volleyball	Sport
outline/balloon-off	Nature
outline/balloon	Nature
outline/ballpen-off	Text
outline/ballpen	Text
outline/ban	System
outline/banana	Food
outline/bandage-off	Health
outline/bandage	Health
outline/barbell-off	Sport
outline/barbell	Sport
outline/barcode-off	System
outline/barcode	System
outline/barrel-off	Design
outline/barrel	Design
outline/barrier-block-off	Design
outline/barrier-block	Design
outline/baseline-density-large	Text
outline/baseline-density-medium	Text
outline/baseline-density-small	Text
outline/baseline	Text
outline/basket-bolt	E-commerce
outline/basket-cancel	E-commerce
outline/basket-check	E-commerce
outline/basket-code	E-commerce
outline/basket-cog	E-commerce
outline/basket-discount	E-commerce
outline/basket-dollar	E-commerce
outline/basket-down	E-commerce
outline/basket-exclamation	E-commerce
outline/basket-heart	E-commerce
outline/basket-minus	E-commerce
outline/basket-off	E-commerce
outline/basket-pause	E-commerce
outline/basket-pin	E-commerce
outline/basket-plus	E-commerce
outline/basket-question	E-commerce
outline/basket-search	E-commerce
outline/basket-share	E-commerce
outline/basket-star	E-commerce
outline/basket-up	E-commerce
outline/basket-x	E-commerce
outline/basket	E-commerce
outline/bat	Animals
outline/bath-off	Buildings
outline/bath	Buildings
outline/battery-1	Devices
outline/battery-2	Devices
outline/battery-3	Devices
outline/battery-4	Devices
outline/battery-automotive	Vehicles
outline/battery-charging-2	Devices
outline/battery-charging	Devices
outline/battery-eco	Devices
outline/battery-exclamation	Devices
outline/battery-off	Devices
outline/battery-spark	Devices
outline/battery-vertical-1	Devices
outline/battery-vertical-2	Devices
outline/battery-vertical-3	Devices
outline/battery-vertical-4	Devices
outline/battery-vertical-charging-2	Devices
outline/battery-vertical-charging	Devices
outline/battery-vertical-eco	Devices
outline/battery-vertical-exclamation	Devices
outline/battery-vertical-off	Devices
outline/battery-vertical	Devices
outline/battery	Devices
outline/beach-off	Map
outline/beach	Map
outline/bed-flat	Buildings
outline/bed-off	Map
outline/bed	Map
outline/beer-off	Food
outline/beer	Food
outline/bell-bolt	System
outline/bell-cancel	System
outline/bell-check	System
outline/bell-code	System
outline/bell-cog	System
outline/bell-dollar	System
outline/bell-down	System
outline/bell-exclamation	System
outline/bell-heart	System
outline/bell-minus	System
outline/bell-off	System
outline/bell-pause	System
outline/bell-pin	System
outline/bell-plus	System
outline/bell-question	System
outline/bell-ringing-2	System
outline/bell-ringing	System
outline/bell-school	Buildings
outline/bell-search	System
outline/bell-share	System
outline/bell-star	System
outline/bell-up	System
outline/bell-x	System
outline/bell-z	System
outline/bell	System
outline/beta	Letters
outline/bible	Text
outline/bike-off	Vehicles
outline/bike	Vehicles
outline/binary-off	Computers
outline/binary-tree-2	Computers
outline/binary-tree	Computers
outline/binary	Computers
outline/binoculars	Design
outline/biohazard-off	Symbols
outline/biohazard	Symbols
outline/blade	Design
outline/bleach-chlorine	Laundry
outline/bleach-no-chlorine	Laundry
outline/bleach-off	Laundry
outline/bleach	Laundry
outline/blend-mode	Design
outline/blender	Devices
outline/blind	Health
outline/blob	System
outline/blockquote	Text
outline/blocks	System
outline/bluetooth-connected	Devices
outline/bluetooth-off	Devices
outline/bluetooth-x	Devices
outline/bluetooth	Devices
outline/blur-off	Design
outline/blur	Design
outline/bmp	Extensions
outline/body-scan	System
outline/bold-off	Text
outline/bold	Text
outline/bolt-off	Design
outline/bolt	Design
outline/bomb	Design
outline/bone-off	Food
outline/bone	Food
outline/bong-off	Design
outline/bong	Design
outline/book-2	Document
outline/book-download	Document
outline/book-off	Document
outline/book-upload	Document
outline/book	Document
outline/bookmark-ai	Document
outline/bookmark-edit	Document
outline/bookmark-minus	Document
outline/bookmark-off	Document
outline/bookmark-plus	Document
outline/bookmark-question	Document
outline/bookmark	Document
outline/bookmarks-off	Document
outline/bookmarks	Document
outline/books-off	Document
outline/books	Document
outline/boom	Design
outline/border-all	Design
outline/border-bottom-plus	Design
outline/border-bottom	Design
outline/border-corner-ios	Shapes
outline/border-corner-pill	Design
outline/border-corner-rounded	Design
outline/border-corner-square	Design
outline/border-corners	Design
outline/border-horizontal	Design
outline/border-inner	Design
outline/border-left-plus	Design
outline/border-left	Design
outline/border-none	Design
outline/border-outer	Design
outline/border-radius	Design
outline/border-right-plus	Design
outline/border-right	Design
outline/border-sides	Design
outline/border-style-2	Design
outline/border-style	Design
outline/border-top-plus	Design
outline/border-top	Design
outline/border-vertical	Design
outline/bot-id	Development
outline/bottle-off	Food
outline/bottle	Food
outline/bounce-left	Design
outline/bounce-right	Design
outline/bow	Sport
outline/bowl-chopsticks	Food
outline/bowl-spoon	Food
outline/bowl	Food
outline/bowling	Sport
outline/box-align-bottom-left	Design
outline/box-align-bottom-right	Design
outline/box-align-bottom	Design
outline/box-align-left	Design
outline/box-align-right	Design
outline/box-align-top-left	Design
outline/box-align-top-right	Design
outline/box-align-top	Design
outline/box-margin	Design
outline/box-model-2-off	Design
outline/box-model-2	Design
outline/box-model-off	Design
outline/box-model	Design
outline/box-multiple-0	Numbers
outline/box-multiple-1	Numbers
outline/box-multiple-2	Numbers
outline/box-multiple-3	Numbers
outline/box-multiple-4	Numbers
outline/box-multiple-5	Numbers
outline/box-multiple-6	Numbers
outline/box-multiple-7	Numbers
outline/box-multiple-8	Numbers
outline/box-multiple-9	Numbers
outline/box-multiple	Design
outline/box-off	Design
outline/box-padding	Design
outline/box	Design
outline/braces-off	Math
outline/braces	Math
outline/brackets-angle-off	Design
outline/brackets-angle	Design
outline/brackets-contain-end	Math
outline/brackets-contain-start	Math
outline/brackets-contain	Math
outline/brackets-off	Math
outline/brackets	Math
outline/braille	Health
outline/brain	Health
outline/brand-4chan	Brand
outline/brand-abstract	Brand
outline/brand-adobe-after-effects	Brand
outline/brand-adobe-illustrator	Brand
outline/brand-adobe-indesign	Brand
outline/brand-adobe-photoshop	Brand
outline/brand-adobe-premiere	Brand
outline/brand-adobe-xd	Brand
outline/brand-adobe	Brand
outline/brand-adonis-js	Brand
outline/brand-airbnb	Brand
outline/brand-airtable	Brand
outline/brand-algolia	Brand
outline/brand-alipay	Brand
outline/brand-alpine-js	Brand
outline/brand-amazon	Brand
outline/brand-amd	Brand
outline/brand-amie	Brand
outline/brand-amigo	Brand
outline/brand-among-us	Brand
outline/brand-android	Brand
outline/brand-angular	Brand
outline/brand-ansible	Brand
outline/brand-ao3	Brand
outline/brand-appgallery	Brand
outline/brand-apple-arcade	Brand
outline/brand-apple-news	Brand
outline/brand-apple-podcast	Brand
outline/brand-apple	Brand
outline/brand-appstore	Brand
outline/brand-arc	Brand
outline/brand-asana	Brand
outline/brand-astro	Brand
outline/brand-audible	Brand
outline/brand-auth0	Brand
outline/brand-aws	Brand
outline/brand-azure	Brand
outline/brand-backbone	Brand
outline/brand-badoo	Brand
outline/brand-baidu	Brand
outline/brand-bandcamp	Brand
outline/brand-bandlab	Brand
outline/brand-beats	Brand
outline/brand-bebo	Brand
outline/brand-behance	Brand
outline/brand-bilibili	Brand
outline/brand-binance	Brand
outline/brand-bing	Brand
outline/brand-bitbucket	Brand
outline/brand-blackberry	Brand
outline/brand-blender	Brand
outline/brand-blogger	Brand
outline/brand-bluesky	Brand
outline/brand-booking	Brand
outline/brand-bootstrap	Brand
outline/brand-bulma	Brand
outline/brand-bumble	Brand
outline/brand-bunpo	Brand
outline/brand-c-sharp	Brand
outline/brand-cake	Brand
outline/brand-cakephp	Brand
outline/brand-campaignmonitor	Brand
outline/brand-carbon	Brand
outline/brand-cashapp	Brand
outline/brand-chrome	Brand
outline/brand-cinema-4d	Brand
outline/brand-citymapper	Brand
outline/brand-cloudflare	Brand
outline/brand-codecov	Brand
outline/brand-codepen	Brand
outline/brand-codesandbox	Brand
outline/brand-cohost	Brand
outline/brand-coinbase	Brand
outline/brand-comedy-central	Brand
outline/brand-coreos	Brand
outline/brand-couchdb	Brand
outline/brand-couchsurfing	Brand
outline/brand-cpp	Brand
outline/brand-craft	Brand
outline/brand-crunchbase	Brand
outline/brand-css3	Brand
outline/brand-ctemplar	Brand
outline/brand-cucumber	Brand
outline/brand-cupra	Brand
outline/brand-cypress	Brand
outline/brand-d3	Brand
outline/brand-databricks	Brand
outline/brand-days-counter	Brand
outline/brand-dcos	Brand
outline/brand-debian	Brand
outline/brand-deezer	Brand
outline/brand-deliveroo	Brand
outline/brand-deno	Brand
outline/brand-denodo	Brand
outline/brand-deviantart	Brand
outline/brand-digg	Brand
outline/brand-dingtalk	Brand
outline/brand-discord	Brand
outline/brand-disney	Brand
outline/brand-disqus	Brand
outline/brand-django	Brand
outline/brand-docker	Brand
outline/brand-doctrine	Brand
outline/brand-dolby-digital	Brand
outline/brand-douban	Brand
outline/brand-dribbble	Brand
outline/brand-dropbox	Brand
outline/brand-drops	Brand
outline/brand-drupal	Brand
outline/brand-edge	Brand
outline/brand-elastic	Brand
outline/brand-electronic-arts	Brand
outline/brand-ember	Brand
outline/brand-envato	Brand
outline/brand-etsy	Brand
outline/brand-evernote	Brand
outline/brand-facebook	Brand
outline/brand-feedly	Brand
outline/brand-figma	Brand
outline/brand-filezilla	Brand
outline/brand-finder	Brand
outline/brand-firebase	Brand
outline/brand-firefox	Brand
outline/brand-fiverr	Brand
outline/brand-flickr	Brand
outline/brand-flightradar24	Brand
outline/brand-flipboard	Brand
outline/brand-flutter	Brand
outline/brand-fortnite	Brand
outline/brand-foursquare	Brand
outline/brand-framer-motion	Brand
outline/brand-framer	Brand
outline/brand-funimation	Brand
outline/brand-gatsby	Brand
outline/brand-git	Brand
outline/brand-github-copilot	Brand
outline/brand-github	Brand
outline/brand-gitlab	Brand
outline/brand-gmail	Brand
outline/brand-golang	Brand
outline/brand-google-analytics	Brand
outline/brand-google-big-query	Brand
outline/brand-google-drive	Brand
outline/brand-google-fit	Brand
outline/brand-google-home	Brand
outline/brand-google-maps	Brand
outline/brand-google-one	Brand
outline/brand-google-photos	Brand
outline/brand-google-play	Brand
outline/brand-google-podcasts	Brand
outline/brand-google	Brand
outline/brand-grammarly	Brand
outline/brand-graphql	Brand
outline/brand-gravatar	Brand
outline/brand-grindr	Brand
outline/brand-guardian	Brand
outline/brand-gumroad	Brand
outline/brand-hackerrank	Brand
outline/brand-hbo	Brand
outline/brand-headlessui	Brand
outline/brand-hexo	Brand
outline/brand-hipchat	Brand
outline/brand-html5	Brand
outline/brand-inertia	Brand
outline/brand-infakt	Brand
outline/brand-instagram	Brand
outline/brand-intercom	Brand
outline/brand-itch	Brand
outline/brand-javascript	Brand
outline/brand-jira	Brand
outline/brand-juejin	Brand
outline/brand-kakao-talk	Brand
outline/brand-kbin	Brand
outline/brand-kick	Brand
outline/brand-kickstarter	Brand
outline/brand-kotlin	Brand
outline/brand-laravel	Brand
outline/brand-lastfm	Brand
outline/brand-leetcode	Brand
outline/brand-letterboxd	Brand
outline/brand-line	Brand
outline/brand-linkedin	Brand
outline/brand-linktree	Brand
outline/brand-linqpad	Brand
outline/brand-livewire	Brand
outline/brand-loom	Brand
outline/brand-mailgun	Brand
outline/brand-mantine	Brand
outline/brand-mastercard	Brand
outline/brand-mastodon	Brand
outline/brand-matrix	Brand
outline/brand-mcdonalds	Brand
outline/brand-medium	Brand
outline/brand-meetup	Brand
outline/brand-mercedes	Brand
outline/brand-messenger	Brand
outline/brand-meta	Brand
outline/brand-metabrainz	Brand
outline/brand-minecraft	Brand
outline/brand-miniprogram	Brand
outline/brand-mixpanel	Brand
outline/brand-monday	Brand
outline/brand-mongodb	Brand
outline/brand-my-oppo	Brand
outline/brand-mysql	Brand
outline/brand-national-geographic	Brand
outline/brand-nem	Brand
outline/brand-netbeans	Brand
outline/brand-netease-music	Brand
outline/brand-netflix	Brand
outline/brand-nexo	Brand
outline/brand-nextcloud	Brand
outline/brand-nextjs	Brand
outline/brand-nodejs	Brand
outline/brand-nord-vpn	Brand
outline/brand-notion	Brand
outline/brand-npm	Brand
outline/brand-nuxt	Brand
outline/brand-nytimes	Brand
outline/brand-oauth	Brand
outline/brand-office	Brand
outline/brand-ok-ru	Brand
outline/brand-onedrive	Brand
outline/brand-onlyfans	Brand
outline/brand-open-source	Brand
outline/brand-openai	Brand
outline/brand-openvpn	Brand
outline/brand-opera	Brand
outline/brand-pagekit	Brand
outline/brand-parsinta	Brand
outline/brand-patreon	Brand
outline/brand-paypal	Brand
outline/brand-paypay	Brand
outline/brand-peanut	Brand
outline/brand-pepsi	Brand
outline/brand-php	Brand
outline/brand-picsart	Brand
outline/brand-pinterest	Brand
outline/brand-planetscale	Brand
outline/brand-pnpm	Brand
outline/brand-pocket	Brand
outline/brand-polymer	Brand
outline/brand-powershell	Brand
outline/brand-printables	Brand
outline/brand-prisma	Brand
outline/brand-producthunt	Brand
outline/brand-pushbullet	Brand
outline/brand-pushover	Brand
outline/brand-python	Brand
outline/brand-qq	Brand
outline/brand-radix-ui	Brand
outline/brand-react-native	Brand
outline/brand-react	Brand
outline/brand-reason	Brand
outline/brand-reddit	Brand
outline/brand-redhat	Brand
outline/brand-redux	Brand
outline/brand-revolut	Brand
outline/brand-rumble	Brand
outline/brand-rust	Brand
outline/brand-safari	Brand
outline/brand-samsungpass	Brand
outline/brand-sass	Brand
outline/brand-sentry	Brand
outline/brand-sharik	Brand
outline/brand-shazam	Brand
outline/brand-shopee	Brand
outline/brand-signal	Brand
outline/brand-sketch	Brand
outline/brand-skype	Brand
outline/brand-slack	Brand
outline/brand-snapchat	Brand
outline/brand-snapseed	Brand
outline/brand-snowflake	Brand
outline/brand-socket-io	Brand
outline/brand-solidjs	Brand
outline/brand-soundcloud	Brand
outline/brand-spacehey	Brand
outline/brand-speedtest	Brand
outline/brand-spotify	Brand
outline/brand-stackoverflow	Brand
outline/brand-stackshare	Brand
outline/brand-steam	Brand
outline/brand-stellar	Brand
outline/brand-stocktwits	Brand
outline/brand-storj	Brand
outline/brand-storybook	Brand
outline/brand-storytel	Brand
outline/brand-strava	Brand
outline/brand-stripe	Brand
outline/brand-sublime-text	Brand
outline/brand-sugarizer	Brand
outline/brand-supabase	Brand
outline/brand-superhuman	Brand
outline/brand-supernova	Brand
outline/brand-surfshark	Brand
outline/brand-svelte	Brand
outline/brand-swift	Brand
outline/brand-symfony	Brand
outline/brand-tabler	Brand
outline/brand-tabnine	Brand
outline/brand-tailwind	Brand
outline/brand-taobao	Brand
outline/brand-teams	Brand
outline/brand-ted	Brand
outline/brand-telegram	Brand
outline/brand-terraform	Brand
outline/brand-tesla	Brand
outline/brand-tether	Brand
outline/brand-thingiverse	Brand
outline/brand-threads	Brand
outline/brand-threejs	Brand
outline/brand-tidal	Brand
outline/brand-tiktok	Brand
outline/brand-tinder	Brand
outline/brand-topbuzz	Brand
outline/brand-torchain	Brand
outline/brand-toyota	Brand
outline/brand-trello	Brand
outline/brand-tripadvisor	Brand
outline/brand-tumblr	Brand
outline/brand-twilio	Brand
outline/brand-twitch	Brand
outline/brand-twitter	Brand
outline/brand-typescript	Brand
outline/brand-uber	Brand
outline/brand-ubuntu	Brand
outline/brand-unity	Brand
outline/brand-unsplash	Brand
outline/brand-upwork	Brand
outline/brand-valorant	Brand
outline/brand-vechain	Brand
outline/brand-vercel	Brand
outline/brand-vimeo	Brand
outline/brand-vinted	Brand
outline/brand-visa	Brand
outline/brand-visual-studio	Brand
outline/brand-vite	Brand
outline/brand-vivaldi	Brand
outline/brand-vk	Brand
outline/brand-vlc	Brand
outline/brand-volkswagen	Brand
outline/brand-vsco	Brand
outline/brand-vscode	Brand
outline/brand-vue	Brand
outline/brand-walmart	Brand
outline/brand-waze	Brand
outline/brand-webflow	Brand
outline/brand-wechat	Brand
outline/brand-weibo	Brand
outline/brand-whatsapp	Brand
outline/brand-wikipedia	Brand
outline/brand-windows	Brand
outline/brand-windy	Brand
outline/brand-wish	Brand
outline/brand-wix	Brand
outline/brand-wordpress	Brand
outline/brand-x	Brand
outline/brand-xamarin	Brand
outline/brand-xbox	Brand
outline/brand-xdeep	Brand
outline/brand-xing	Brand
outline/brand-yahoo	Brand
outline/brand-yandex	Brand
outline/brand-yarn	Brand
outline/brand-yatse	Brand
outline/brand-ycombinator	Brand
outline/brand-youtube-kids	Brand
outline/brand-youtube	Brand
outline/brand-zalando	Brand
outline/brand-zapier	Brand
outline/brand-zeit	Brand
outline/brand-zhihu	Brand
outline/brand-zoom	Brand
outline/brand-zulip	Brand
outline/brand-zwift	Brand
outline/bread-off	Food
outline/bread	Food
outline/briefcase-2	Design
outline/briefcase-off	Design
outline/briefcase	Design
outline/brightness-2	Photography
outline/brightness-auto	Photography
outline/brightness-down	Photography
outline/brightness-half	Photography
outline/brightness-off	Photography
outline/brightness-up	Photography
outline/brightness	Photography
outline/broadcast-off	Devices
outline/broadcast	Devices
outline/browser-check	Devices
outline/browser-maximize	Devices
outline/browser-minus	Devices
outline/browser-off	Devices
outline/browser-plus	Devices
outline/browser-share	Devices
outline/browser-x	Devices
outline/browser	Devices
outline/brush-off	Design
outline/brush	Design
outline/bubble-minus	Communication
outline/bubble-plus	Communication
outline/bubble-tea-2	Food
outline/bubble-tea	Food
outline/bubble-text	Communication
outline/bubble-x	Communication
outline/bubble	Communication
outline/bucket-droplet	Design
outline/bucket-off	Design
outline/bucket	Design
outline/bug-off	Development
outline/bug	Development
outline/building-airport	Buildings
outline/building-arch	Buildings
outline/building-bank	Buildings
outline/building-bridge-2	Buildings
outline/building-bridge	Buildings
outline/building-broadcast-tower	Buildings
outline/building-burj-al-arab	Buildings
outline/building-carousel	Buildings
outline/building-castle	Buildings
outline/building-church	Buildings
outline/building-circus	Buildings
outline/building-cog	Buildings
outline/building-community	Buildings
outline/building-cottage	Buildings
outline/building-eiffel-tower	Buildings
outline/building-estate	Buildings
outline/building-factory-2	Buildings
outline/building-factory	Buildings
outline/building-fortress	Buildings
outline/building-hospital	Buildings
outline/building-lighthouse	Buildings
outline/building-minus	Buildings
outline/building-monument	Buildings
outline/building-mosque	Buildings
outline/building-off	Buildings
outline/building-pavilion	Buildings
outline/building-plus	Buildings
outline/building-skyscraper	Buildings
outline/building-stadium	Buildings
outline/building-store	Buildings
outline/building-tunnel	Buildings
outline/building-warehouse	Buildings
outline/building-wind-turbine	Buildings
outline/building	Buildings
outline/buildings	Buildings
outline/bulb-off	Design
outline/bulb	Design
outline/bulldozer	Vehicles
outline/burger	Food
outline/bus-off	Vehicles
outline/bus-stop	Vehicles
outline/bus	Vehicles
outline/businessplan	E-commerce
outline/butterfly	Nature
outline/cactus-off	Nature
outline/cactus	Nature
outline/cake-off	Food
outline/cake-roll	Food
outline/cake	Food
outline/calculator-off	Devices
outline/calculator	Devices
outline/calendar-bolt	System
outline/calendar-cancel	System
outline/calendar-check	System
outline/calendar-clock	System
outline/calendar-code	System
outline/calendar-cog	System
outline/calendar-dollar	System
outline/calendar-dot	System
outline/calendar-down	System
outline/calendar-due	System
outline/calendar-event	System
outline/calendar-exclamation	System
outline/calendar-heart	System
outline/calendar-minus	System
outline/calendar-month	System
outline/calendar-off	System
outline/calendar-pause	System
outline/calendar-pin	System
outline/calendar-plus	System
outline/calendar-question	System
outline/calendar-repeat	System
outline/calendar-sad	System
outline/calendar-search	System
outline/calendar-share	System
outline/calendar-smile	System
outline/calendar-star	System
outline/calendar-stats	System
outline/calendar-time	System
outline/calendar-up	System
outline/calendar-user	System
outline/calendar-week	System
outline/calendar-x	System
outline/calendar	System
outline/camera-ai	Media
outline/camera-bitcoin	Media
outline/camera-bolt	Media
outline/camera-cancel	Media
outline/camera-check	Media
outline/camera-code	Media
outline/camera-cog	Media
outline/camera-dollar	Media
outline/camera-down	Media
outline/camera-exclamation	Media
outline/camera-heart	Media
outline/camera-minus	Media
outline/camera-moon	Media
outline/camera-off	Media
outline/camera-pause	Media
outline/camera-pin	Media
outline/camera-plus	Media
outline/camera-question	Media
outline/camera-rotate	Photography
outline/camera-search	Media
outline/camera-selfie	Photography
outline/camera-share	Media
outline/camera-spark	Media
outline/camera-star	Media
outline/camera-up	Media
outline/camera-x	Media
outline/camera	Media
outline/camper	Vehicles
outline/campfire	Map
outline/canary	Development
outline/cancel	Shapes
outline/candle	Design
outline/candy-off	Food
outline/candy	Food
outline/cane	Health
outline/cannabis	Nature
outline/cap-projecting	Design
outline/cap-rounded	Design
outline/cap-straight	Design
outline/capsule-horizontal	Shapes
outline/capsule	Shapes
outline/capture-off	Media
outline/capture	Media
outline/car-4wd	Vehicles
outline/car-crane	Vehicles
outline/car-crash	Vehicles
outline/car-door	Vehicles
outline/car-fan-1	Vehicles
outline/car-fan-2	Vehicles
outline/car-fan-3	Vehicles
outline/car-fan-auto	Vehicles
outline/car-fan	Vehicles
outline/car-garage	Buildings
outline/car-lifter	Vehicles
outline/car-off-road	Vehicles
outline/car-off	Vehicles
outline/car-suspension	Vehicles
outline/car-suv	Vehicles
outline/car-turbine	Vehicles
outline/car	Vehicles
outline/carambola	Food
outline/caravan	Vehicles
outline/cardboards-off	Devices
outline/cardboards	Devices
outline/cards	Design
outline/caret-down	Arrows
outline/caret-left-right	Shapes
outline/caret-left	Arrows
outline/caret-right	Arrows
outline/caret-up-down	Arrows
outline/caret-up	Arrows
outline/carousel-horizontal	Design
outline/carousel-vertical	Design
outline/carrot-off	Food
outline/carrot	Food
outline/cash-banknote-edit	E-commerce
outline/cash-banknote-heart	E-commerce
outline/cash-banknote-minus	E-commerce
outline/cash-banknote-move-back	E-commerce
outline/cash-banknote-move	E-commerce
outline/cash-banknote-off	E-commerce
outline/cash-banknote-plus	E-commerce
outline/cash-banknote	E-commerce
outline/cash-edit	E-commerce
outline/cash-heart	E-commerce
outline/cash-minus	E-commerce
outline/cash-move-back	E-commerce
outline/cash-move	E-commerce
outline/cash-off	E-commerce
outline/cash-plus	E-commerce
outline/cash-register	E-commerce
outline/cash	E-commerce
outline/cast-off	Media
outline/cast	Media
outline/cat	Animals
outline/category-2	Shapes
outline/category-minus	Shapes
outline/category-plus	Shapes
outline/category	Shapes
outline/ce-off	Symbols
outline/ce	Symbols
outline/cell-signal-1	Devices
outline/cell-signal-2	Devices
outline/cell-signal-3	Devices
outline/cell-signal-4	Devices
outline/cell-signal-5	Devices
outline/cell-signal-off	Devices
outline/cell	Design
outline/certificate-2-off	Document
outline/certificate-2	Document
outline/certificate-off	Document
outline/certificate	Document
outline/chair-director	Design
outline/chalkboard-off	Document
outline/chalkboard-teacher	Buildings
outline/chalkboard	Document
outline/charging-pile	Vehicles
outline/chart-arcs-3	Charts
outline/chart-arcs	Charts
outline/chart-area-line	Charts
outline/chart-area	Charts
outline/chart-arrows-vertical	Charts
outline/chart-arrows	Charts
outline/chart-bar-off	Charts
outline/chart-bar-popular	Charts
outline/chart-bar	Charts
outline/chart-bubble	Charts
outline/chart-candle	Charts
outline/chart-circles	Charts
outline/chart-cohort	Charts
outline/chart-column	Charts
outline/chart-covariate	Charts
outline/chart-donut-2	Charts
outline/chart-donut-3	Charts
outline/chart-donut-4	Charts
outline/chart-donut	Charts
outline/chart-dots-2	Charts
outline/chart-dots-3	Charts
outline/chart-dots	Charts
outline/chart-funnel	Charts
outline/chart-grid-dots	Charts
outline/chart-histogram	Charts
outline/chart-infographic	Charts
outline/chart-line	Charts
outline/chart-pie-2	Charts
outline/chart-pie-3	Charts
outline/chart-pie-4	Charts
outline/chart-pie-off	Charts
outline/chart-pie	Charts
outline/chart-ppf	Charts
outline/chart-radar	Charts
outline/chart-sankey	Charts
outline/chart-scatter-3d	Charts
outline/chart-scatter	Charts
outline/chart-treemap	Charts
outline/check	System
outline/checkbox	System
outline/checklist	System
outline/checks	System
outline/checkup-list	Health
outline/cheese	Food
outline/chef-hat-off	Food
outline/chef-hat	Food
outline/cherry	Nature
outline/chess-bishop	Sport
outline/chess-king	Sport
outline/chess-knight	Sport
outline/chess-queen	Sport
outline/chess-rook	Sport
outline/chess	Sport
outline/chevron-compact-down	Arrows
outline/chevron-compact-left	Arrows
outline/chevron-compact-right	Arrows
outline/chevron-compact-up	Arrows
outline/chevron-down-left	Arrows
outline/chevron-down-right	Arrows
outline/chevron-down	Arrows
outline/chevron-left-pipe	Arrows
outline/chevron-left	Arrows
outline/chevron-right-pipe	Arrows
outline/chevron-right	Arrows
outline/chevron-up-left	Arrows
outline/chevron-up-right	Arrows
outline/chevron-up	Arrows
outline/chevrons-down-left	Arrows
outline/chevrons-down-right	Arrows
outline/chevrons-down	Arrows
outline/chevrons-left	Arrows
outline/chevrons-right	Arrows
outline/chevrons-up-left	Arrows
outline/chevrons-up-right	Arrows
outline/chevrons-up	Arrows
outline/chisel	Design
outline/chocolate	Food
outline/christmas-ball	Design
outline/christmas-tree-off	Nature
outline/christmas-tree	Nature
outline/circle-arrow-down-left	Arrows
outline/circle-arrow-down-right	Arrows
outline/circle-arrow-down	Arrows
outline/circle-arrow-left	Arrows
outline/circle-arrow-right	Arrows
outline/circle-arrow-up-left	Arrows
outline/circle-arrow-up-right	Arrows
outline/circle-arrow-up	Arrows
outline/circle-asterisk	Shapes
outline/circle-caret-down	Arrows
outline/circle-caret-left	Arrows
outline/circle-caret-right	Arrows
outline/circle-caret-up	Arrows
outline/circle-check	Shapes
outline/circle-chevron-down	Arrows
outline/circle-chevron-left	Arrows
outline/circle-chevron-right	Arrows
outline/circle-chevron-up	Arrows
outline/circle-chevrons-down	Arrows
outline/circle-chevrons-left	Arrows
outline/circle-chevrons-right	Arrows
outline/circle-chevrons-up	Arrows
outline/circle-dashed-check	Shapes
outline/circle-dashed-letter-a	Letters
outline/circle-dashed-letter-b	Letters
outline/circle-dashed-letter-c	Letters
outline/circle-dashed-letter-d	Letters
outline/circle-dashed-letter-e	Letters
outline/circle-dashed-letter-f	Letters
outline/circle-dashed-letter-g	Letters
outline/circle-dashed-letter-h	Letters
outline/circle-dashed-letter-i	Letters
outline/circle-dashed-letter-j	Letters
outline/circle-dashed-letter-k	Letters
outline/circle-dashed-letter-l	Letters
outline/circle-dashed-letter-m	Letters
outline/circle-dashed-letter-n	Letters
outline/circle-dashed-letter-o	Letters
outline/circle-dashed-letter-p	Letters
outline/circle-dashed-letter-q	Letters
outline/circle-dashed-letter-r	Letters
outline/circle-dashed-letter-s	Letters
outline/circle-dashed-letter-t	Letters
outline/circle-dashed-letter-u	Letters
outline/circle-dashed-letter-v	Letters
outline/circle-dashed-letter-w	Letters
outline/circle-dashed-letter-x	Letters
outline/circle-dashed-letter-y	Letters
outline/circle-dashed-letter-z	Letters
outline/circle-dashed-minus	Shapes
outline/circle-dashed-number-0	Numbers
outline/circle-dashed-number-1	Numbers
outline/circle-dashed-number-2	Numbers
outline/circle-dashed-number-3	Numbers
outline/circle-dashed-number-4	Numbers
outline/circle-dashed-number-5	Numbers
outline/circle-dashed-number-6	Numbers
outline/circle-dashed-number-7	Numbers
outline/circle-dashed-number-8	Numbers
outline/circle-dashed-number-9	Numbers
outline/circle-dashed-percentage	Shapes
outline/circle-dashed-plus	Shapes
outline/circle-dashed-x	Shapes
outline/circle-dashed	Shapes
outline/circle-dot	Shapes
outline/circle-dotted-letter-a	Letters
outline/circle-dotted-letter-b	Letters
outline/circle-dotted-letter-c	Letters
outline/circle-dotted-letter-d	Letters
outline/circle-dotted-letter-e	Letters
outline/circle-dotted-letter-f	Letters
outline/circle-dotted-letter-g	Letters
outline/circle-dotted-letter-h	Letters
outline/circle-dotted-letter-i	Letters
outline/circle-dotted-letter-j	Letters
outline/circle-dotted-letter-k	Letters
outline/circle-dotted-letter-l	Letters
outline/circle-dotted-letter-m	Letters
outline/circle-dotted-letter-n	Letters
outline/circle-dotted-letter-o	Letters
outline/circle-dotted-letter-p	Letters
outline/circle-dotted-letter-q	Letters
outline/circle-dotted-letter-r	Letters
outline/circle-dotted-letter-s	Letters
outline/circle-dotted-letter-t	Letters
outline/circle-dotted-letter-u	Letters
outline/circle-dotted-letter-v	Letters
outline/circle-dotted-letter-w	Letters
outline/circle-dotted-letter-x	Letters
outline/circle-dotted-letter-y	Letters
outline/circle-dotted-letter-z	Letters
outline/circle-dotted	Shapes
outline/circle-half-2	Shapes
outline/circle-half-vertical	Shapes
outline/circle-half	Shapes
outline/circle-key	Shapes
outline/circle-letter-a	Letters
outline/circle-letter-b	Letters
outline/circle-letter-c	Letters
outline/circle-letter-d	Letters
outline/circle-letter-e	Letters
outline/circle-letter-f	Letters
outline/circle-letter-g	Letters
outline/circle-letter-h	Letters
outline/circle-letter-i	Letters
outline/circle-letter-j	Letters
outline/circle-letter-k	Letters
outline/circle-letter-l	Letters
outline/circle-letter-m	Letters
outline/circle-letter-n	Letters
outline/circle-letter-o	Letters
outline/circle-letter-p	Letters
outline/circle-letter-q	Letters
outline/circle-letter-r	Letters
outline/circle-letter-s	Letters
outline/circle-letter-t	Letters
outline/circle-letter-u	Letters
outline/circle-letter-v	Letters
outline/circle-letter-w	Letters
outline/circle-letter-x	Letters
outline/circle-letter-y	Letters
outline/circle-letter-z	Letters
outline/circle-minus-2	Shapes
outline/circle-minus	Shapes
outline/circle-number-0	Numbers
outline/circle-number-1	Numbers
outline/circle-number-2	Numbers
outline/circle-number-3	Numbers
outline/circle-number-4	Numbers
outline/circle-number-5	Numbers
outline/circle-number-6	Numbers
outline/circle-number-7	Numbers
outline/circle-number-8	Numbers
outline/circle-number-9	Numbers
outline/circle-off	Shapes
outline/circle-open-arrow-down	Arrows
outline/circle-open-arrow-left	Arrows
outline/circle-open-arrow-right	Arrows
outline/circle-open-arrow-up	Arrows
outline/circle-percentage	Shapes
outline/circle-plus-2	Shapes
outline/circle-plus-minus	Shapes
outline/circle-plus	Shapes
outline/circle-rectangle-off	Shapes
outline/circle-rectangle	Shapes
outline/circle-square	Shapes
outline/circle-triangle	Shapes
outline/circle-x	Shapes
outline/circle	Shapes
outline/circles-relation	Shapes
outline/circles	Shapes
outline/circuit-ammeter	Electrical
outline/circuit-battery	Electrical
outline/circuit-bulb	Electrical
outline/circuit-capacitor-polarized	Electrical
outline/circuit-capacitor	Electrical
outline/circuit-cell-plus	Electrical
outline/circuit-cell	Electrical
outline/circuit-changeover	Electrical
outline/circuit-diode-zener	Electrical
outline/circuit-diode	Electrical
outline/circuit-ground-digital	Electrical
outline/circuit-ground	Electrical
outline/circuit-inductor	Electrical
outline/circuit-motor	Electrical
outline/circuit-pushbutton	Electrical
outline/circuit-resistor	Electrical
outline/circuit-switch-closed	Electrical
outline/circuit-switch-open	Electrical
outline/circuit-voltmeter	Electrical
outline/clear-all	System
outline/clear-formatting	Text
outline/clef-staff	Media
outline/clef	Media
outline/click	System
outline/cliff-jumping	Sport
outline/clipboard-check	Document
outline/clipboard-copy	Document
outline/clipboard-data	Document
outline/clipboard-heart	Document
outline/clipboard-list	Document
outline/clipboard-off	Document
outline/clipboard-plus	Document
outline/clipboard-search	Document
outline/clipboard-smile	Document
outline/clipboard-text	Document
outline/clipboard-typography	Document
outline/clipboard-x	Document
outline/clipboard	Document
outline/clock-12	System
outline/clock-2	System
outline/clock-24	System
outline/clock-bitcoin	System
outline/clock-bolt	System
outline/clock-cancel	System
outline/clock-check	System
outline/clock-code	System
outline/clock-cog	System
outline/clock-dollar	System
outline/clock-down	System
outline/clock-edit	System
outline/clock-exclamation	System
outline/clock-heart	System
outline/clock-hour-1	System
outline/clock-hour-10	System
outline/clock-hour-11	System
outline/clock-hour-12	System
outline/clock-hour-2	System
outline/clock-hour-3	System
outline/clock-hour-4	System
outline/clock-hour-5	System
outline/clock-hour-6	System
outline/clock-hour-7	System
outline/clock-hour-8	System
outline/clock-hour-9	System
outline/clock-minus	System
outline/clock-off	System
outline/clock-pause	System
outline/clock-pin	System
outline/clock-play	System
outline/clock-plus	System
outline/clock-question	System
outline/clock-record	System
outline/clock-search	System
outline/clock-share	System
outline/clock-shield	System
outline/clock-star	System
outline/clock-stop	System
outline/clock-up	System
outline/clock-x	System
outline/clock	System
outline/clothes-rack-off	E-commerce
outline/clothes-rack	E-commerce
outline/cloud-bitcoin	System
outline/cloud-bolt	Weather
outline/cloud-cancel	Weather
outline/cloud-check	Weather
outline/cloud-code	Weather
outline/cloud-cog	Weather
outline/cloud-computing	Computers
outline/cloud-data-connection	Computers
outline/cloud-dollar	Weather
outline/cloud-down	Weather
outline/cloud-download	System
outline/cloud-exclamation	Weather
outline/cloud-fog	Weather
outline/cloud-heart	Weather
outline/cloud-lock-open	System
outline/cloud-lock	System
outline/cloud-minus	Weather
outline/cloud-network	System
outline/cloud-off	Weather
outline/cloud-pause	Weather
outline/cloud-pin	Weather
outline/cloud-plus	Weather
outline/cloud-question	Weather
outline/cloud-rain	Weather
outline/cloud-search	Weather
outline/cloud-share	Weather
outline/cloud-snow	Weather
outline/cloud-star	Weather
outline/cloud-storm	Weather
outline/cloud-up	Weather
outline/cloud-upload	System
outline/cloud-x	Weather
outline/cloud	Weather
outline/clover-2	Nature
outline/clover	Nature
outline/clubs	Shapes
outline/code-ai	Development
outline/code-asterisk	Text
outline/code-circle-2	Text
outline/code-circle	Text
outline/code-dots	Text
outline/code-minus	Text
outline/code-off	Text
outline/code-plus	Text
outline/code-variable-minus	System
outline/code-variable-plus	System
outline/code-variable	System
outline/code	Text
outline/codeblock	Development
outline/coffee-off	Food
outline/coffee	Food
outline/coffin	Design
outline/coin-bitcoin	E-commerce
outline/coin-euro	E-commerce
outline/coin-monero	E-commerce
outline/coin-off	E-commerce
outline/coin-pound	E-commerce
outline/coin-rupee	E-commerce
outline/coin-taka	E-commerce
outline/coin-yen	E-commerce
outline/coin-yuan	E-commerce
outline/coin	E-commerce
outline/coins	E-commerce
outline/color-filter	Design
outline/color-picker-off	Design
outline/color-picker	Design
outline/color-swatch-off	Design
outline/color-swatch	Design
outline/column-insert-left	Database
outline/column-insert-right	Database
outline/column-remove	Database
outline/columns-1	Text
outline/columns-2	Text
outline/columns-3	Text
outline/columns-off	Text
outline/columns	Text
outline/comet	Weather
outline/command-off	Symbols
outline/command	Symbols
outline/compass-off	Map
outline/compass	Map
outline/components-off	Design
outline/components	Design
outline/cone-2	Shapes
outline/cone-off	Shapes
outline/cone-plus	Shapes
outline/cone	Shapes
outline/confetti-off	Design
outline/confetti	Design
outline/confucius	Symbols
outline/congruent-to	System
outline/connection	Development
outline/container-off	Design
outline/container	Design
outline/contract	Document
outline/contrast-2-off	Photography
outline/contrast-2	Photography
outline/contrast-off	Photography
outline/contrast	Photography
outline/cooker	Food
outline/cookie-man	Design
outline/cookie-off	Food
outline/cookie	Food
outline/copy-check	Text
outline/copy-minus	Text
outline/copy-off	Text
outline/copy-plus	Text
outline/copy-x	Text
outline/copy	Text
outline/copyleft-off	Symbols
outline/copyleft	Symbols
outline/copyright-off	Symbols
outline/copyright	Symbols
outline/corner-down-left-double	Arrows
outline/corner-down-left	Arrows
outline/corner-down-right-double	Arrows
outline/corner-down-right	Arrows
outline/corner-left-down-double	Arrows
outline/corner-left-down	Arrows
outline/corner-left-up-double	Arrows
outline/corner-left-up	Arrows
outline/corner-right-down-double	Arrows
outline/corner-right-down	Arrows
outline/corner-right-up-double	Arrows
outline/corner-right-up	Arrows
outline/corner-up-left-double	Arrows
outline/corner-up-left	Arrows
outline/corner-up-right-double	Arrows
outline/corner-up-right	Arrows
outline/cpu-2	Devices
outline/cpu-off	Devices
outline/cpu	Devices
outline/crane-off	Vehicles
outline/crane	Vehicles
outline/creative-commons-by	System
outline/creative-commons-nc	System
outline/creative-commons-nd	System
outline/creative-commons-off	System
outline/creative-commons-sa	System
outline/creative-commons-zero	System
outline/creative-commons	System
outline/credit-card-hand	E-commerce
outline/credit-card-off	E-commerce
outline/credit-card-pay	E-commerce
outline/credit-card-refund	E-commerce
outline/credit-card	E-commerce
outline/credits	System
outline/cricket	Sport
outline/crop-1-1	Design
outline/crop-16-9	Design
outline/crop-3-2	Design
outline/crop-5-4	Design
outline/crop-7-5	Design
outline/crop-landscape	Design
outline/crop-portrait	Design
outline/crop	Design
outline/cross-off	Symbols
outline/cross	Symbols
outline/crosshair	System
outline/crown-off	Design
outline/crown	Design
outline/crutches-off	Health
outline/crutches	Health
outline/crystal-ball	Nature
outline/csv	Extensions
outline/cube-3d-sphere-off	System
outline/cube-3d-sphere	System
outline/cube-off	Shapes
outline/cube-plus	Shapes
outline/cube-send	System
outline/cube-spark	Shapes
outline/cube-unfolded	System
outline/cube	Shapes
outline/cup-off	Food
outline/cup	Food
outline/curling	Sport
outline/curly-loop	System
outline/currency-afghani	Currencies
outline/currency-bahraini	Currencies
outline/currency-baht	Currencies
outline/currency-bitcoin	Currencies
outline/currency-cent	Currencies
outline/currency-dinar	Currencies
outline/currency-dirham	Currencies
outline/currency-dogecoin	Currencies
outline/currency-dollar-australian	Currencies
outline/currency-dollar-brunei	Currencies
outline/currency-dollar-canadian	Currencies
outline/currency-dollar-guyanese	Currencies
outline/currency-dollar-off	Currencies
outline/currency-dollar-singapore	Currencies
outline/currency-dollar-zimbabwean	Currencies
outline/currency-dollar	Currencies
outline/currency-dong	Currencies
outline/currency-dram	Currencies
outline/currency-ethereum	Currencies
outline/currency-euro-off	Currencies
outline/currency-euro	Currencies
outline/currency-florin	Currencies
outline/currency-forint	Currencies
outline/currency-frank	Currencies
outline/currency-guarani	Currencies
outline/currency-hryvnia	Currencies
outline/currency-husd	Currencies
outline/currency-iranian-rial	Currencies
outline/currency-kip	Currencies
outline/currency-krone-czech	Currencies
outline/currency-krone-danish	Currencies
outline/currency-krone-swedish	Currencies
outline/currency-lari	Currencies
outline/currency-leu	Currencies
outline/currency-lira	Currencies
outline/currency-litecoin	Currencies
outline/currency-lyd	Currencies
outline/currency-manat	Currencies
outline/currency-monero	Currencies
outline/currency-naira	Currencies
outline/currency-nano	Currencies
outline/currency-off	Currencies
outline/currency-paanga	Currencies
outline/currency-peso	Currencies
outline/currency-pound-off	Currencies
outline/currency-pound	Currencies
outline/currency-quetzal	Currencies
outline/currency-real	Currencies
outline/currency-renminbi	Currencies
outline/currency-ripple	Currencies
outline/currency-riyal	Currencies
outline/currency-ruble	Currencies
outline/currency-rufiyaa	Currencies
outline/currency-rupee-nepalese	Currencies
outline/currency-rupee	Currencies
outline/currency-shekel	Currencies
outline/currency-solana	Currencies
outline/currency-som	Currencies
outline/currency-taka	Currencies
outline/currency-tenge	Currencies
outline/currency-tether	Currencies
outline/currency-tugrik	Currencies
outline/currency-won	Currencies
outline/currency-xrp	Currencies
outline/currency-yen-off	Currencies
outline/currency-yen	Currencies
outline/currency-yuan	Currencies
outline/currency-zcash	Currencies
outline/currency-zloty	Currencies
outline/currency	Currencies
outline/current-location-off	Map
outline/current-location	Map
outline/cursor-off	System
outline/cursor-text	Text
outline/cut	Design
outline/cylinder-off	Shapes
outline/cylinder-plus	Shapes
outline/cylinder	Shapes
outline/dashboard-off	System
outline/dashboard	System
outline/database-cog	Database
outline/database-dollar	Database
outline/database-edit	Database
outline/database-exclamation	Database
outline/database-export	Database
outline/database-heart	Database
outline/database-import	Database
outline/database-leak	Database
outline/database-minus	Database
outline/database-off	Database
outline/database-plus	Database
outline/database-search	Database
outline/database-share	Database
outline/database-smile	System
outline/database-star	Database
outline/database-x	Database
outline/database	Database
outline/deaf	Health
outline/decimal	Math
outline/deer	Animals
outline/delta	Letters
outline/dental-broken	System
outline/dental-off	Health
outline/dental	Health
outline/deselect	System
outline/desk	System
outline/details-off	System
outline/details	System
outline/device-3d-camera	Devices
outline/device-3d-lens	Devices
outline/device-airpods-case	Devices
outline/device-airpods	Devices
outline/device-airtag	Devices
outline/device-analytics	Devices
outline/device-audio-tape	Devices
outline/device-camera-phone	Devices
outline/device-cctv-off	Devices
outline/device-cctv	Devices
outline/device-computer-camera-2	Devices
outline/device-computer-camera-off	Devices
outline/device-computer-camera	Devices
outline/device-desktop-analytics	Devices
outline/device-desktop-bolt	Devices
outline/device-desktop-cancel	Devices
outline/device-desktop-check	Devices
outline/device-desktop-code	Devices
outline/device-desktop-cog	Devices
outline/device-desktop-dollar	Devices
outline/device-desktop-down	Devices
outline/device-desktop-exclamation	Devices
outline/device-desktop-heart	Devices
outline/device-desktop-minus	Devices
outline/device-desktop-off	Devices
outline/device-desktop-pause	Devices
outline/device-desktop-pin	Devices
outline/device-desktop-plus	Devices
outline/device-desktop-question	Devices
outline/device-desktop-search	Devices
outline/device-desktop-share	Devices
outline/device-desktop-star	Devices
outline/device-desktop-up	Devices
outline/device-desktop-x	Devices
outline/device-desktop	Devices
outline/device-floppy	Devices
outline/device-gamepad-2	Devices
outline/device-gamepad-3	Devices
outline/device-gamepad	Devices
outline/device-heart-monitor	Devices
outline/device-imac-bolt	Devices
outline/device-imac-cancel	Devices
outline/device-imac-check	Devices
outline/device-imac-code	Devices
outline/device-imac-cog	Devices
outline/device-imac-dollar	Devices
outline/device-imac-down	Devices
outline/device-imac-exclamation	Devices
outline/device-imac-heart	Devices
outline/device-imac-minus	Devices
outline/device-imac-off	Devices
outline/device-imac-pause	Devices
outline/device-imac-pin	Devices
outline/device-imac-plus	Devices
outline/device-imac-question	Devices
outline/device-imac-search	Devices
outline/device-imac-share	Devices
outline/device-imac-star	Devices
outline/device-imac-up	Devices
outline/device-imac-x	Devices
outline/device-imac	Devices
outline/device-ipad-bolt	Devices
outline/device-ipad-cancel	Devices
outline/device-ipad-check	Devices
outline/device-ipad-code	Devices
outline/device-ipad-cog	Devices
outline/device-ipad-dollar	Devices
outline/device-ipad-down	Devices
outline/device-ipad-exclamation	Devices
outline/device-ipad-heart	Devices
outline/device-ipad-horizontal-bolt	Devices
outline/device-ipad-horizontal-cancel	Devices
outline/device-ipad-horizontal-check	Devices
outline/device-ipad-horizontal-code	Devices
outline/device-ipad-horizontal-cog	Devices
outline/device-ipad-horizontal-dollar	Devices
outline/device-ipad-horizontal-down	Devices
outline/device-ipad-horizontal-exclamation	Devices
outline/device-ipad-horizontal-heart	Devices
outline/device-ipad-horizontal-minus	Devices
outline/device-ipad-horizontal-off	Devices
outline/device-ipad-horizontal-pause	Devices
outline/device-ipad-horizontal-pin	Devices
outline/device-ipad-horizontal-plus	Devices
outline/device-ipad-horizontal-question	Devices
outline/device-ipad-horizontal-search	Devices
outline/device-ipad-horizontal-share	Devices
outline/device-ipad-horizontal-star	Devices
outline/device-ipad-horizontal-up	Devices
outline/device-ipad-horizontal-x	Devices
outline/device-ipad-horizontal	Devices
outline/device-ipad-minus	Devices
outline/device-ipad-off	Devices
outline/device-ipad-pause	Devices
outline/device-ipad-pin	Devices
outline/device-ipad-plus	Devices
outline/device-ipad-question	Devices
outline/device-ipad-search	Devices
outline/device-ipad-share	Devices
outline/device-ipad-star	Devices
outline/device-ipad-up	Devices
outline/device-ipad-x	Devices
outline/device-ipad	Devices
outline/device-landline-phone	Devices
outline/device-laptop-off	Devices
outline/device-laptop	Devices
outline/device-mobile-bolt	Devices
outline/device-mobile-cancel	Devices
outline/device-mobile-charging	Devices
outline/device-mobile-check	Devices
outline/device-mobile-code	Devices
outline/device-mobile-cog	Devices
outline/device-mobile-dollar	Devices
outline/device-mobile-down	Devices
outline/device-mobile-exclamation	Devices
outline/device-mobile-heart	Devices
outline/device-mobile-message	Devices
outline/device-mobile-minus	Devices
outline/device-mobile-off	Devices
outline/device-mobile-pause	Devices
outline/device-mobile-pin	Devices
outline/device-mobile-plus	Devices
outline/device-mobile-question	Devices
outline/device-mobile-rotated	Devices
outline/device-mobile-search	Devices
outline/device-mobile-share	Devices
outline/device-mobile-star	Devices
outline/device-mobile-up	Devices
outline/device-mobile-vibration	Devices
outline/device-mobile-x	Devices
outline/device-mobile	Devices
outline/device-nintendo-off	Devices
outline/device-nintendo	Devices
outline/device-projector	System
outline/device-remote	Devices
outline/device-screen	Devices
outline/device-sd-card	Devices
outline/device-sim-1	Devices
outline/device-sim-2	Devices
outline/device-sim-3	Devices
outline/device-sim	Devices
outline/device-speaker-off	Devices
outline/device-speaker	Devices
outline/device-tablet-bolt	Devices
outline/device-tablet-cancel	Devices
outline/device-tablet-check	Devices
outline/device-tablet-code	Devices
outline/device-tablet-cog	Devices
outline/device-tablet-dollar	Devices
outline/device-tablet-down	Devices
outline/device-tablet-exclamation	Devices
outline/device-tablet-heart	Devices
outline/device-tablet-minus	Devices
outline/device-tablet-off	Devices
outline/device-tablet-pause	Devices
outline/device-tablet-pin	Devices
outline/device-tablet-plus	Devices
outline/device-tablet-question	Devices
outline/device-tablet-search	Devices
outline/device-tablet-share	Devices
outline/device-tablet-star	Devices
outline/device-tablet-up	Devices
outline/device-tablet-x	Devices
outline/device-tablet	Devices
outline/device-tv-off	Devices
outline/device-tv-old	Devices
outline/device-tv	Devices
outline/device-unknown	System
outline/device-usb	Devices
outline/device-vision-pro-wifi	Devices
outline/device-vision-pro	Devices
outline/device-watch-bolt	Devices
outline/device-watch-cancel	Devices
outline/device-watch-check	Devices
outline/device-watch-code	Devices
outline/device-watch-cog	Devices
outline/device-watch-dollar	Devices
outline/device-watch-down	Devices
outline/device-watch-exclamation	Devices
outline/device-watch-heart	Devices
outline/device-watch-minus	Devices
outline/device-watch-off	Devices
outline/device-watch-pause	Devices
outline/device-watch-pin	Devices
outline/device-watch-plus	Devices
outline/device-watch-question	Devices
outline/device-watch-search	Devices
outline/device-watch-share	Devices
outline/device-watch-star	Devices
outline/device-watch-stats-2	Devices
outline/device-watch-stats	Devices
outline/device-watch-up	Devices
outline/device-watch-x	Devices
outline/device-watch	Devices
outline/device-workstation	System
outline/devices-2	Devices
outline/devices-bolt	Devices
outline/devices-cancel	Devices
outline/devices-check	Devices
outline/devices-code	Devices
outline/devices-cog	Devices
outline/devices-dollar	Devices
outline/devices-down	Devices
outline/devices-exclamation	Devices
outline/devices-heart	Devices
outline/devices-minus	Devices
outline/devices-off	Devices
outline/devices-pause	Devices
outline/devices-pc-off	Devices
outline/devices-pc	Devices
outline/devices-pin	Devices
outline/devices-plus	Devices
outline/devices-question	Devices
outline/devices-search	Devices
outline/devices-share	Devices
outline/devices-star	Devices
outline/devices-up	Devices
outline/devices-x	Devices
outline/devices	Devices
outline/diabolo-off	Shapes
outline/diabolo-plus	Shapes
outline/diabolo	Shapes
outline/dialpad-off	Devices
outline/dialpad	Devices
outline/diamond-off	Shapes
outline/diamond	Shapes
outline/diamonds	Shapes
outline/diaper	E-commerce
outline/dice-1	Games
outline/dice-2	Games
outline/dice-3	Games
outline/dice-4	Games
outline/dice-5	Games
outline/dice-6	Games
outline/dice	Games
outline/dimensions	Design
outline/direction-arrows	System
outline/direction-horizontal	System
outline/direction-sign-off	System
outline/direction-sign	System
outline/direction	System
outline/directions-off	Map
outline/directions	Map
outline/disabled-2	Health
outline/disabled-off	Health
outline/disabled	Health
outline/disc-golf	Sport
outline/disc-off	Devices
outline/disc	Devices
outline/discount-off	E-commerce
outline/discount	E-commerce
outline/divide	Math
outline/dna-2-off	Health
outline/dna-2	Health
outline/dna-off	Health
outline/dna	Health
outline/dog-bowl	Food
outline/dog	Animals
outline/door-enter	System
outline/door-exit	System
outline/door-hanger	Buildings
outline/door-off	System
outline/door	System
outline/dots-circle-horizontal	System
outline/dots-diagonal-2	System
outline/dots-diagonal	System
outline/dots-vertical	System
outline/dots	System
outline/download-off	Arrows
outline/download	Arrows
outline/drag-drop-2	Design
outline/drag-drop	Design
outline/dragon	Animals
outline/drone-off	Vehicles
outline/drone	Vehicles
outline/drop-circle	Nature
outline/droplet-bolt	Design
outline/droplet-cancel	Design
outline/droplet-check	Design
outline/droplet-code	Design
outline/droplet-cog	Design
outline/droplet-dollar	Design
outline/droplet-down	Design
outline/droplet-exclamation	Design
outline/droplet-half-2	Design
outline/droplet-half	Design
outline/droplet-heart	Design
outline/droplet-minus	Design
outline/droplet-off	Design
outline/droplet-pause	Design
outline/droplet-pin	Design
outline/droplet-plus	Design
outline/droplet-question	Design
outline/droplet-search	Design
outline/droplet-share	Design
outline/droplet-star	Design
outline/droplet-up	Design
outline/droplet-x	Design
outline/droplet	Design
outline/droplets	Nature
outline/dual-screen	Devices
outline/dumbbell	Sport
outline/dumpling	Food
outline/e-passport	E-commerce
outline/ear-off	Health
outline/ear-scan	System
outline/ear	Health
outline/earphone-bluetooth	Devices
outline/ease-in-control-point	Design
outline/ease-in-out-control-points	Design
outline/ease-in-out	Design
outline/ease-in	Design
outline/ease-out-control-point	Design
outline/ease-out	Design
outline/edit-circle-off	Design
outline/edit-circle	Design
outline/edit-off	Design
outline/edit	Design
outline/egg-cracked	Food
outline/egg-fried	Food
outline/egg-off	Food
outline/egg	Food
outline/eggs	Food
outline/elevator-off	System
outline/elevator	System
outline/email-stamp	Communication
outline/emergency-bed	Health
outline/empathize-off	Health
outline/empathize	Health
outline/emphasis	Text
outline/engine-off	Vehicles
outline/engine	Vehicles
outline/equal-double	Math
outline/equal-not	Math
outline/equal	Math
outline/eraser-off	Text
outline/eraser	Text
outline/error-404-off	Computers
outline/error-404	Computers
outline/escalator-down	Map
outline/escalator-up	Map
outline/escalator	Map
outline/exchange-off	System
outline/exchange	System
outline/exclamation-circle	System
outline/exclamation-mark-off	System
outline/exclamation-mark	System
outline/exercise-ball	Sport
outline/explicit-off	System
outline/explicit	System
outline/exposure-0	Photography
outline/exposure-minus-1	Photography
outline/exposure-minus-2	Photography
outline/exposure-off	Photography
outline/exposure-plus-1	Photography
outline/exposure-plus-2	Photography
outline/exposure	Photography
outline/external-link-off	System
outline/external-link	System
outline/eye-bitcoin	Health
outline/eye-bolt	System
outline/eye-cancel	System
outline/eye-check	System
outline/eye-closed	System
outline/eye-code	System
outline/eye-cog	System
outline/eye-discount	Health
outline/eye-dollar	System
outline/eye-dotted	Health
outline/eye-down	System
outline/eye-edit	System
outline/eye-exclamation	System
outline/eye-heart	System
outline/eye-minus	System
outline/eye-off	System
outline/eye-pause	System
outline/eye-pin	System
outline/eye-plus	System
outline/eye-question	System
outline/eye-search	System
outline/eye-share	System
outline/eye-spark	System
outline/eye-star	System
outline/eye-table	Health
outline/eye-up	System
outline/eye-x	System
outline/eye	System
outline/eyeglass-2	Health
outline/eyeglass-off	Health
outline/eyeglass	Health
outline/face-id-error	System
outline/face-id	System
outline/face-mask-off	Health
outline/face-mask	Health
outline/fall	Health
outline/favicon	Design
outline/feather-off	Nature
outline/feather	Nature
outline/fence-off	Buildings
outline/fence	Buildings
outline/ferry	Vehicles
outline/fidget-spinner	System
outline/file-3d	Document
outline/file-ai	Document
outline/file-alert	Document
outline/file-analytics	Document
outline/file-arrow-left	Document
outline/file-arrow-right	Document
outline/file-barcode	Document
outline/file-bitcoin	Document
outline/file-broken	Document
outline/file-certificate	Document
outline/file-chart	Document
outline/file-check	Document
outline/file-code-2	Document
outline/file-code	Document
outline/file-cv	Document
outline/file-database	Document
outline/file-delta	Document
outline/file-description	Document
outline/file-diff	Document
outline/file-digit	Document
outline/file-dislike	Document
outline/file-dollar	Document
outline/file-dots	Document
outline/file-download	Document
outline/file-euro	Document
outline/file-excel	Document
outline/file-export	Document
outline/file-function	Document
outline/file-horizontal	Document
outline/file-import	Document
outline/file-infinity	Document
outline/file-info	Document
outline/file-invoice	Document
outline/file-isr	Document
outline/file-lambda	Document
outline/file-like	Document
outline/file-minus	Document
outline/file-music	Document
outline/file-neutral	Document
outline/file-off	Document
outline/file-orientation	Document
outline/file-pencil	Document
outline/file-percent	Document
outline/file-phone	Document
outline/file-plus	Document
outline/file-power	Document
outline/file-report	Document
outline/file-rss	Document
outline/file-sad	Document
outline/file-scissors	Document
outline/file-search	Document
outline/file-settings	Document
outline/file-shredder	Document
outline/file-signal	Document
outline/file-smile	Document
outline/file-spark	Document
outline/file-spreadsheet	Document
outline/file-stack	Document
outline/file-star	Document
outline/file-symlink	Document
outline/file-text-ai	Document
outline/file-text-shield	Document
outline/file-text-spark	Document
outline/file-text	Document
outline/file-time	Document
outline/file-type-bmp	Document
outline/file-type-css	Document
outline/file-type-csv	Document
outline/file-type-doc	Document
outline/file-type-docx	Document
outline/file-type-html	Document
outline/file-type-jpg	Document
outline/file-type-js	Document
outline/file-type-jsx	Document
outline/file-type-pdf	Document
outline/file-type-php	Document
outline/file-type-png	Document
outline/file-type-ppt	Document
outline/file-type-rs	Document
outline/file-type-sql	Document
outline/file-type-svg	Document
outline/file-type-ts	Document
outline/file-type-tsx	Document
outline/file-type-txt	Document
outline/file-type-vue	Document
outline/file-type-xls	Document
outline/file-type-xml	Document
outline/file-type-zip	Document
outline/file-typography	Document
outline/file-unknown	Document
outline/file-upload	Document
outline/file-vector	Document
outline/file-word	Document
outline/file-x	Document
outline/file-zip	Document
outline/file	Document
outline/files-off	Document
outline/files	Document
outline/filter-2-bolt	System
outline/filter-2-cancel	System
outline/filter-2-check	System
outline/filter-2-code	System
outline/filter-2-cog	System
outline/filter-2-discount	System
outline/filter-2-dollar	System
outline/filter-2-down	System
outline/filter-2-edit	System
outline/filter-2-exclamation	System
outline/filter-2-minus	System
outline/filter-2-pause	System
outline/filter-2-pin	System
outline/filter-2-plus	System
outline/filter-2-question	System
outline/filter-2-search	System
outline/filter-2-share	System
outline/filter-2-spark	System
outline/filter-2-up	System
outline/filter-2-x	System
outline/filter-2	System
outline/filter-bolt	System
outline/filter-cancel	System
outline/filter-check	System
outline/filter-code	System
outline/filter-cog	System
outline/filter-discount	System
outline/filter-dollar	System
outline/filter-down	System
outline/filter-edit	System
outline/filter-exclamation	System
outline/filter-heart	System
outline/filter-minus	System
outline/filter-off	System
outline/filter-pause	System
outline/filter-pin	System
outline/filter-plus	System
outline/filter-question	System
outline/filter-search	System
outline/filter-share	System
outline/filter-spark	System
outline/filter-star	System
outline/filter-up	System
outline/filter-x	System
outline/filter	System
outline/filters	System
outline/fingerprint-off	System
outline/fingerprint-scan	Health
outline/fingerprint	System
outline/fire-extinguisher	System
outline/fire-hydrant-off	Map
outline/fire-hydrant	Map
outline/firetruck	Vehicles
outline/firewall-check	Development
outline/firewall-flame	Development
outline/first-aid-kit-off	Health
outline/first-aid-kit	Health
outline/fish-bone	Animals
outline/fish-christianity	Symbols
outline/fish-hook-off	Animals
outline/fish-hook	Animals
outline/fish-off	Animals
outline/fish	Animals
outline/flag-2-off	Map
outline/flag-2	Map
outline/flag-3	Map
outline/flag-bitcoin	System
outline/flag-bolt	Map
outline/flag-cancel	Map
outline/flag-check	Map
outline/flag-code	Map
outline/flag-cog	Map
outline/flag-discount	System
outline/flag-dollar	Map
outline/flag-down	Map
outline/flag-exclamation	Map
outline/flag-heart	Map
outline/flag-minus	Map
outline/flag-off	Map
outline/flag-pause	Map
outline/flag-pin	Map
outline/flag-plus	Map
outline/flag-question	Map
outline/flag-search	Map
outline/flag-share	Map
outline/flag-spark	Map
outline/flag-star	Map
outline/flag-up	Map
outline/flag-x	Map
outline/flag	Map
outline/flame-off	Nature
outline/flame	Nature
outline/flare	Weather
outline/flask-2-off	Health
outline/flask-2	Health
outline/flask-off	Health
outline/flask	Health
outline/flip-flops	E-commerce
outline/flip-horizontal	Design
outline/flip-vertical	Design
outline/float-center	Text
outline/float-left	Text
outline/float-none	Text
outline/float-right	Text
outline/flood	Weather
outline/flower-off	Nature
outline/flower	Nature
outline/focus-2	Photography
outline/focus-auto	Photography
outline/focus-centered	System
outline/focus	Photography
outline/fold-down	Arrows
outline/fold-up	Arrows
outline/fold	Arrows
outline/folder-bolt	Document
outline/folder-cancel	Document
outline/folder-check	Document
outline/folder-code	Document
outline/folder-cog	Document
outline/folder-dollar	Document
outline/folder-down	Document
outline/folder-exclamation	Document
outline/folder-heart	Document
outline/folder-minus	Document
outline/folder-off	Document
outline/folder-open	Document
outline/folder-pause	Document
outline/folder-pin	Document
outline/folder-plus	Document
outline/folder-question	Document
outline/folder-root	Document
outline/folder-search	Document
outline/folder-share	Document
outline/folder-star	Document
outline/folder-symlink	Document
outline/folder-up	Document
outline/folder-x	Document
outline/folder	Document
outline/folders-off	Document
outline/folders	Document
outline/footsteps	Health
outline/forbid-2	System
outline/forbid	System
outline/forklift	Vehicles
outline/forms	Text
outline/fountain-off	Map
outline/fountain	Map
outline/frame-off	Design
outline/frame	Design
outline/free-rights	System
outline/freeze-column	Design
outline/freeze-row-column	Design
outline/freeze-row	Design
outline/fridge-off	Devices
outline/fridge	Devices
outline/friends-off	System
outline/friends	System
outline/frustum-off	Shapes
outline/frustum-plus	Shapes
outline/frustum	Shapes
outline/function-off	Math
outline/function	Math
outline/galaxy	System
outline/garden-cart-off	Vehicles
outline/garden-cart	Vehicles
outline/gas-station-off	Vehicles
outline/gas-station	Vehicles
outline/gauge-off	System
outline/gauge	System
outline/gavel	System
outline/gender-agender	Gender
outline/gender-androgyne	Gender
outline/gender-bigender	Gender
outline/gender-demiboy	Gender
outline/gender-demigirl	Gender
outline/gender-epicene	Gender
outline/gender-female	Gender
outline/gender-femme	Gender
outline/gender-genderfluid	Gender
outline/gender-genderless	Gender
outline/gender-genderqueer	Gender
outline/gender-hermaphrodite	Gender
outline/gender-intergender	Gender
outline/gender-male	Gender
outline/gender-neutrois	Gender
outline/gender-third	Gender
outline/gender-transgender	Gender
outline/gender-travesti	Gender
outline/geometry	Map
outline/ghost-2	Games
outline/ghost-3	Games
outline/ghost-off	Games
outline/ghost	Games
outline/gif	Extensions
outline/gift-card	E-commerce
outline/gift-off	E-commerce
outline/gift	E-commerce
outline/git-branch-deleted	Version control
outline/git-branch	Version control
outline/git-cherry-pick	Version control
outline/git-commit	Version control
outline/git-compare	Version control
outline/git-fork	Version control
outline/git-merge	Version control
outline/git-pull-request-closed	Version control
outline/git-pull-request-conflict	Version control
outline/git-pull-request-draft	Version control
outline/git-pull-request	Version control
outline/gizmo	Design
outline/glass-champagne	Food
outline/glass-cocktail	Food
outline/glass-full	Food
outline/glass-gin	Food
outline/glass-off	Food
outline/glass	Food
outline/globe-off	Map
outline/globe	Map
outline/go-game	Games
outline/golf-off	Sport
outline/golf	Sport
outline/gps	Map
outline/gradienter	Design
outline/grain	Design
outline/grape	Food
outline/graph-off	System
outline/graph	System
outline/grave-2	Map
outline/grave	Map
outline/grid-3x3	Design
outline/grid-4x4	Design
outline/grid-dots	System
outline/grid-goldenratio	Design
outline/grid-pattern	System
outline/grid-scan	System
outline/grill-fork	Food
outline/grill-off	Food
outline/grill-spatula	Food
outline/grill	Food
outline/grip-horizontal	System
outline/grip-vertical	System
outline/growth	Nature
outline/guitar-pick	Design
outline/gymnastics	System
outline/h-1	Text
outline/h-2	Text
outline/h-3	Text
outline/h-4	Text
outline/h-5	Text
outline/h-6	Text
outline/hammer-drill	Devices
outline/hammer-off	Design
outline/hammer	Design
outline/hand-click-off	Gestures
outline/hand-click	Gestures
outline/hand-finger-down	Gestures
outline/hand-finger-left	Gestures
outline/hand-finger-off	Gestures
outline/hand-finger-right	Gestures
outline/hand-finger	Gestures
outline/hand-grab	Gestures
outline/hand-little-finger	Gestures
outline/hand-love-you	Gestures
outline/hand-middle-finger	Gestures
outline/hand-move	Gestures
outline/hand-off	Gestures
outline/hand-ring-finger	Gestures
outline/hand-sanitizer	Health
outline/hand-stop	Gestures
outline/hand-three-fingers	Gestures
outline/hand-two-fingers	Gestures
outline/hanger-2	System
outline/hanger-off	E-commerce
outline/hanger	E-commerce
outline/hash	Design
outline/haze-moon	System
outline/haze	Weather
outline/hdr	Photography
outline/heading-off	Text
outline/heading	Text
outline/headphones-off	Media
outline/headphones	Media
outline/headset-off	Media
outline/headset	Media
outline/health-recognition	System
outline/heart-bitcoin	Health
outline/heart-bolt	Shapes
outline/heart-broken	Health
outline/heart-cancel	Shapes
outline/heart-check	Shapes
outline/heart-code	Shapes
outline/heart-cog	Shapes
outline/heart-discount	Health
outline/heart-dollar	Shapes
outline/heart-down	Shapes
outline/heart-exclamation	Shapes
outline/heart-handshake	Health
outline/heart-minus	Shapes
outline/heart-off	Shapes
outline/heart-pause	Shapes
outline/heart-pin	Shapes
outline/heart-plus	Shapes
outline/heart-question	Shapes
outline/heart-rate-monitor	Health
outline/heart-search	Shapes
outline/heart-share	Shapes
outline/heart-spark	Shapes
outline/heart-star	Shapes
outline/heart-up	Shapes
outline/heart-x	Shapes
outline/heart	Shapes
outline/heartbeat	Health
outline/hearts-off	Shapes
outline/hearts	Shapes
outline/helicopter-landing	Vehicles
outline/helicopter	Vehicles
outline/helmet-off	Sport
outline/helmet	Sport
outline/help-circle	System
outline/help-hexagon	System
outline/help-octagon	System
outline/help-off	System
outline/help-small	System
outline/help-square-rounded	System
outline/help-square	System
outline/help-triangle	System
outline/help	System
outline/hemisphere-off	Shapes
outline/hemisphere-plus	Shapes
outline/hemisphere	Shapes
outline/hexagon-3d	Shapes
outline/hexagon-asterisk	Shapes
outline/hexagon-letter-a	Letters
outline/hexagon-letter-b	Letters
outline/hexagon-letter-c	Letters
outline/hexagon-letter-d	Letters
outline/hexagon-letter-e	Letters
outline/hexagon-letter-f	Letters
outline/hexagon-letter-g	Letters
outline/hexagon-letter-h	Letters
outline/hexagon-letter-i	Letters
outline/hexagon-letter-j	Letters
outline/hexagon-letter-k	Letters
outline/hexagon-letter-l	Letters
outline/hexagon-letter-m	Letters
outline/hexagon-letter-n	Letters
outline/hexagon-letter-o	Letters
outline/hexagon-letter-p	Letters
outline/hexagon-letter-q	Letters
outline/hexagon-letter-r	Letters
outline/hexagon-letter-s	Letters
outline/hexagon-letter-t	Letters
outline/hexagon-letter-u	Letters
outline/hexagon-letter-v	Letters
outline/hexagon-letter-w	Letters
outline/hexagon-letter-x	Letters
outline/hexagon-letter-y	Letters
outline/hexagon-letter-z	Letters
outline/hexagon-minus-2	Shapes
outline/hexagon-minus	Shapes
outline/hexagon-number-0	Numbers
outline/hexagon-number-1	Numbers
outline/hexagon-number-2	Numbers
outline/hexagon-number-3	Numbers
outline/hexagon-number-4	Numbers
outline/hexagon-number-5	Numbers
outline/hexagon-number-6	Numbers
outline/hexagon-number-7	Numbers
outline/hexagon-number-8	Numbers
outline/hexagon-number-9	Numbers
outline/hexagon-off	Shapes
outline/hexagon-plus-2	Shapes
outline/hexagon-plus	Shapes
outline/hexagon	Shapes
outline/hexagonal-prism-off	Shapes
outline/hexagonal-prism-plus	Shapes
outline/hexagonal-prism	Shapes
outline/hexagonal-pyramid-off	Shapes
outline/hexagonal-pyramid-plus	Shapes
outline/hexagonal-pyramid	Shapes
outline/hexagons-off	Shapes
outline/hexagons	Shapes
outline/hierarchy-2	Design
outline/hierarchy-3	Design
outline/hierarchy-off	Design
outline/hierarchy	Design
outline/highlight-off	Text
outline/highlight	Text
outline/history-off	System
outline/history-toggle	System
outline/history	System
outline/home-2	Buildings
outline/home-bitcoin	Buildings
outline/home-bolt	Buildings
outline/home-cancel	Buildings
outline/home-check	Buildings
outline/home-cog	Buildings
outline/home-dollar	Buildings
outline/home-dot	Buildings
outline/home-down	Buildings
outline/home-eco	Buildings
outline/home-edit	Buildings
outline/home-exclamation	Buildings
outline/home-hand	Buildings
outline/home-heart	Buildings
outline/home-infinity	Buildings
outline/home-link	Buildings
outline/home-lock	Buildings
outline/home-minus	Buildings
outline/home-move	Buildings
outline/home-off	Buildings
outline/home-plus	Buildings
outline/home-question	Buildings
outline/home-ribbon	Buildings
outline/home-search	Buildings
outline/home-share	Buildings
outline/home-shield	Buildings
outline/home-signal	Buildings
outline/home-spark	Buildings
outline/home-star	Buildings
outline/home-stats	Buildings
outline/home-up	Buildings
outline/home-x	Buildings
outline/home	Buildings
outline/horse-toy	Games
outline/horse	Animals
outline/horseshoe	Animals
outline/hospital-circle	Health
outline/hospital	Health
outline/hotel-service	Buildings
outline/hourglass-empty	System
outline/hourglass-high	System
outline/hourglass-low	System
outline/hourglass-off	System
outline/hourglass	System
outline/hours-12	System
outline/hours-24	System
outline/html	Extensions
outline/http-connect-off	Computers
outline/http-connect	Computers
outline/http-delete-off	Computers
outline/http-delete	Computers
outline/http-get-off	Computers
outline/http-get	Computers
outline/http-head-off	Computers
outline/http-head	Computers
outline/http-options-off	Computers
outline/http-options	Computers
outline/http-patch-off	Computers
outline/http-patch	Computers
outline/http-post-off	Computers
outline/http-post	Computers
outline/http-put-off	Computers
outline/http-put	Computers
outline/http-que-off	Computers
outline/http-que	Computers
outline/http-trace-off	Computers
outline/http-trace	Computers
outline/hula-hoop	Sport
outline/ice-cream-2	Food
outline/ice-cream-off	Food
outline/ice-cream	Food
outline/ice-skating	Sport
outline/iceberg	Nature
outline/icons-off	Shapes
outline/icons	Shapes
outline/icosahedron	Design
outline/id-badge-2	System
outline/id-badge-off	System
outline/id-badge	System
outline/id-off	System
outline/id	System
outline/image-generation	Development
outline/image-in-picture	Photography
outline/inbox-off	System
outline/inbox	System
outline/indent-decrease	Text
outline/indent-increase	Text
outline/infinity-2	Math
outline/infinity-off	Math
outline/infinity	Math
outline/info-circle	System
outline/info-hexagon	System
outline/info-octagon	System
outline/info-small	System
outline/info-square-rounded	System
outline/info-square	System
outline/info-triangle	System
outline/inner-shadow-bottom-left	Design
outline/inner-shadow-bottom-right	Design
outline/inner-shadow-bottom	Design
outline/inner-shadow-left	Design
outline/inner-shadow-right	Design
outline/inner-shadow-top-left	Design
outline/inner-shadow-top-right	Design
outline/inner-shadow-top	Design
outline/input-ai	System
outline/input-check	System
outline/input-search	Text
outline/input-spark	System
outline/input-x	System
outline/invoice	Document
outline/ironing-1	Laundry
outline/ironing-2	Laundry
outline/ironing-3	Laundry
outline/ironing-off	Laundry
outline/ironing-steam-off	Laundry
outline/ironing-steam	Laundry
outline/ironing	Laundry
outline/irregular-polyhedron-off	Shapes
outline/irregular-polyhedron-plus	Shapes
outline/irregular-polyhedron	Shapes
outline/italic-off	Text
outline/italic	Text
outline/jacket	E-commerce
outline/jetpack	System
outline/jetski	Vehicles
outline/jewish-star	Shapes
outline/join-bevel	System
outline/join-round	System
outline/join-straight	System
outline/joker	Games
outline/jpg	Extensions
outline/json	Extensions
outline/jump-rope	Sport
outline/karate	Sport
outline/kayak	Sport
outline/kerning	Text
outline/key-off	Design
outline/key	Design
outline/keyboard-hide	Devices
outline/keyboard-off	Devices
outline/keyboard-show	Devices
outline/keyboard	Devices
outline/keyframe-align-center	Media
outline/keyframe-align-horizontal	Media
outline/keyframe-align-vertical	Media
outline/keyframe	Media
outline/keyframes	Media
outline/label-important	System
outline/label-off	System
outline/label	System
outline/ladder-off	System
outline/ladder	System
outline/ladle	Design
outline/lambda	Letters
outline/lamp-2	Design
outline/lamp-off	Design
outline/lamp	Design
outline/lane	System
outline/language-hiragana	Text
outline/language-katakana	Text
outline/language-off	Text
outline/language	Text
outline/lasso-off	Design
outline/lasso-polygon	Design
outline/lasso	Design
outline/laurel-wreath-1	Design
outline/laurel-wreath-2	Design
outline/laurel-wreath-3	Design
outline/laurel-wreath	Design
outline/lawn-mower	Devices
outline/layers-difference	Design
outline/layers-intersect-2	Design
outline/layers-intersect	Design
outline/layers-linked	Design
outline/layers-off	Design
outline/layers-selected-bottom	Design
outline/layers-selected	Design
outline/layers-subtract	Design
outline/layers-union	Design
outline/layout-2	Design
outline/layout-align-bottom	Design
outline/layout-align-center	Design
outline/layout-align-left	Design
outline/layout-align-middle	Design
outline/layout-align-right	Design
outline/layout-align-top	Design
outline/layout-board-split	Design
outline/layout-board	Design
outline/layout-bottombar-collapse	Design
outline/layout-bottombar-expand	Design
outline/layout-bottombar-inactive	System
outline/layout-bottombar	Design
outline/layout-cards	Design
outline/layout-collage	Design
outline/layout-columns	Design
outline/layout-dashboard	Design
outline/layout-distribute-horizontal	Design
outline/layout-distribute-vertical	Design
outline/layout-grid-add	Design
outline/layout-grid-remove	Design
outline/layout-grid	Design
outline/layout-kanban	Design
outline/layout-list	Design
outline/layout-navbar-collapse	Design
outline/layout-navbar-expand	Design
outline/layout-navbar-inactive	System
outline/layout-navbar	Design
outline/layout-off	Design
outline/layout-rows	Design
outline/layout-sidebar-inactive	System
outline/layout-sidebar-left-collapse	Design
outline/layout-sidebar-left-expand	Design
outline/layout-sidebar-right-collapse	Design
outline/layout-sidebar-right-expand	Design
outline/layout-sidebar-right-inactive	System
outline/layout-sidebar-right	Design
outline/layout-sidebar	Design
outline/layout	Design
outline/leaf-2	Nature
outline/leaf-maple	Nature
outline/leaf-off	Nature
outline/leaf	Nature
outline/lego-off	System
outline/lego	System
outline/lemon-2	Food
outline/lemon	Food
outline/letter-a-small	Letters
outline/letter-a	Letters
outline/letter-b-small	Letters
outline/letter-b	Letters
outline/letter-c-small	Letters
outline/letter-c	Letters
outline/letter-case-lower	Text
outline/letter-case-toggle	Text
outline/letter-case-upper	Text
outline/letter-case	Text
outline/letter-d-small	Letters
outline/letter-d	Letters
outline/letter-e-small	Letters
outline/letter-e	Letters
outline/letter-f-small	Letters
outline/letter-f	Letters
outline/letter-g-small	Letters
outline/letter-g	Letters
outline/letter-h-small	Letters
outline/letter-h	Letters
outline/letter-i-small	Letters
outline/letter-i	Letters
outline/letter-j-small	Letters
outline/letter-j	Letters
outline/letter-k-small	Letters
outline/letter-k	Letters
outline/letter-l-small	Letters
outline/letter-l	Letters
outline/letter-m-small	Letters
outline/letter-m	Letters
outline/letter-n-small	Letters
outline/letter-n	Letters
outline/letter-o-small	Letters
outline/letter-o	Letters
outline/letter-p-small	Letters
outline/letter-p	Letters
outline/letter-q-small	Letters
outline/letter-q	Letters
outline/letter-r-small	Letters
outline/letter-r	Letters
outline/letter-s-small	Letters
outline/letter-s	Letters
outline/letter-spacing	Text
outline/letter-t-small	Letters
outline/letter-t	Letters
outline/letter-u-small	Letters
outline/letter-u	Letters
outline/letter-v-small	Letters
outline/letter-v	Letters
outline/letter-w-small	Letters
outline/letter-w	Letters
outline/letter-x-small	Letters
outline/letter-x	Letters
outline/letter-y-small	Letters
outline/letter-y	Letters
outline/letter-z-small	Letters
outline/letter-z	Letters
outline/library-minus	System
outline/library-photo	System
outline/library-plus	System
outline/library	System
outline/license-off	Document
outline/license	Document
outline/lifebuoy-off	System
outline/lifebuoy	System
outline/lighter	System
outline/line-dashed	Design
outline/line-dotted	Design
outline/line-height	Text
outline/line-scan	System
outline/line	Design
outline/link-minus	Text
outline/link-off	Text
outline/link-plus	Text
outline/link	Text
outline/list-check	Text
outline/list-details	Text
outline/list-letters	System
outline/list-numbers	Text
outline/list-search	Text
outline/list-tree	System
outline/list	Text
outline/live-photo-off	Photography
outline/live-photo	Photography
outline/live-view	Map
outline/load-balancer	Computers
outline/loader-2	System
outline/loader-3	System
outline/loader-4	System
outline/loader-quarter	System
outline/loader	System
outline/location-bolt	Map
outline/location-broken	Map
outline/location-cancel	Map
outline/location-check	Map
outline/location-code	Map
outline/location-cog	Map
outline/location-discount	System
outline/location-dollar	Map
outline/location-down	Map
outline/location-exclamation	Map
outline/location-heart	Map
outline/location-minus	Map
outline/location-off	Map
outline/location-pause	Map
outline/location-pin	Map
outline/location-plus	Map
outline/location-question	Map
outline/location-search	Map
outline/location-share	Map
outline/location-star	Map
outline/location-up	Map
outline/location-x	Map
outline/location	Map
outline/lock-access-off	System
outline/lock-access	System
outline/lock-bitcoin	System
outline/lock-bolt	System
outline/lock-cancel	System
outline/lock-check	System
outline/lock-code	System
outline/lock-cog	System
outline/lock-dollar	System
outline/lock-down	System
outline/lock-exclamation	System
outline/lock-heart	System
outline/lock-minus	System
outline/lock-off	System
outline/lock-open-2	System
outline/lock-open-off	System
outline/lock-open	System
outline/lock-password	System
outline/lock-pause	System
outline/lock-pin	System
outline/lock-plus	System
outline/lock-question	System
outline/lock-search	System
outline/lock-share	System
outline/lock-square-rounded	System
outline/lock-square	System
outline/lock-star	System
outline/lock-up	System
outline/lock-x	System
outline/lock	System
outline/logic-and	Logic
outline/logic-buffer	Logic
outline/logic-nand	Logic
outline/logic-nor	Logic
outline/logic-not	Logic
outline/logic-or	Logic
outline/logic-xnor	Logic
outline/logic-xor	Logic
outline/login-2	Arrows
outline/login	Arrows
outline/logout-2	System
outline/logout	System
outline/logs	Development
outline/lollipop-off	Food
outline/lollipop	Food
outline/luggage-off	System
outline/luggage	System
outline/lungs-off	Health
outline/lungs	Health
outline/macro-off	Photography
outline/macro	Photography
outline/magnet-off	Design
outline/magnet	Design
outline/magnetic	Design
outline/mail-ai	Communication
outline/mail-bitcoin	Communication
outline/mail-bolt	Communication
outline/mail-cancel	Communication
outline/mail-check	Communication
outline/mail-code	Communication
outline/mail-cog	Communication
outline/mail-dollar	Communication
outline/mail-down	Communication
outline/mail-exclamation	Communication
outline/mail-fast	Communication
outline/mail-forward	Communication
outline/mail-heart	Communication
outline/mail-minus	Communication
outline/mail-off	Communication
outline/mail-opened	Communication
outline/mail-pause	Communication
outline/mail-pin	Communication
outline/mail-plus	Communication
outline/mail-question	Communication
outline/mail-search	Communication
outline/mail-share	Communication
outline/mail-spark	Communication
outline/mail-star	Communication
outline/mail-up	Communication
outline/mail-x	Communication
outline/mail	Communication
outline/mailbox-off	Communication
outline/mailbox	Communication
outline/man	System
outline/manual-gearbox	Document
outline/map-2	Map
outline/map-bolt	Map
outline/map-cancel	Map
outline/map-check	Map
outline/map-code	Map
outline/map-cog	Map
outline/map-discount	Map
outline/map-dollar	Map
outline/map-down	Map
outline/map-east	Map
outline/map-exclamation	Map
outline/map-heart	Map
outline/map-lock	Map
outline/map-minus	Map
outline/map-north	Map
outline/map-off	Map
outline/map-pause	Map
outline/map-pin-2	Map
outline/map-pin-bolt	Map
outline/map-pin-cancel	Map
outline/map-pin-check	Map
outline/map-pin-code	Map
outline/map-pin-cog	Map
outline/map-pin-dollar	Map
outline/map-pin-down	Map
outline/map-pin-exclamation	Map
outline/map-pin-heart	Map
outline/map-pin-minus	Map
outline/map-pin-off	Map
outline/map-pin-pause	Map
outline/map-pin-pin	Map
outline/map-pin-plus	Map
outline/map-pin-question	Map
outline/map-pin-search	Map
outline/map-pin-share	Map
outline/map-pin-star	Map
outline/map-pin-up	Map
outline/map-pin-x	Map
outline/map-pin	Map
outline/map-pins	Map
outline/map-plus	Map
outline/map-question	Map
outline/map-route	Map
outline/map-search	Map
outline/map-share	Map
outline/map-shield	Map
outline/map-south	Map
outline/map-star	Map
outline/map-up	Map
outline/map-west	Map
outline/map-x	Map
outline/map	Map
outline/markdown-off	Text
outline/markdown	Text
outline/marquee-2	System
outline/marquee-off	System
outline/marquee	System
outline/mars	Symbols
outline/mask-off	Design
outline/mask	Design
outline/masks-theater-off	Map
outline/masks-theater	Map
outline/massage	Health
outline/matchstick	System
outline/math-1-divide-2	Math
outline/math-1-divide-3	Math
outline/math-avg	Math
outline/math-cos	Math
outline/math-ctg	Math
outline/math-equal-greater	Math
outline/math-equal-lower	Math
outline/math-function-off	Math
outline/math-function-y	Math
outline/math-function	Math
outline/math-greater	Math
outline/math-integral-x	Math
outline/math-integral	Math
outline/math-integrals	Math
outline/math-lower	Math
outline/math-max-min	Math
outline/math-max	Math
outline/math-min	Math
outline/math-not	Math
outline/math-off	Math
outline/math-pi-divide-2	Math
outline/math-pi	Math
outline/math-sec	Math
outline/math-sin	Math
outline/math-symbols	Math
outline/math-tg	Math
outline/math-x-divide-2	Math
outline/math-x-divide-y-2	Math
outline/math-x-divide-y	Math
outline/math-x-floor-divide-y	Math
outline/math-x-minus-x	Math
outline/math-x-minus-y	Math
outline/math-x-plus-x	Math
outline/math-x-plus-y	Math
outline/math-xy	Math
outline/math-y-minus-y	Math
outline/math-y-plus-y	Math
outline/math	Math
outline/matrix	Math
outline/maximize-off	Media
outline/maximize	Media
outline/meat-off	Food
outline/meat	Food
outline/medal-2	Sport
outline/medal	Sport
outline/medical-cross-circle	Map
outline/medical-cross-off	Map
outline/medical-cross	Map
outline/medicine-syrup	Health
outline/meeple	Sport
outline/melon	Food
outline/menorah	Symbols
outline/menu-2	System
outline/menu-3	System
outline/menu-4	System
outline/menu-deep	System
outline/menu-order	System
outline/menu	System
outline/mesh	Design
outline/message-2-bolt	Communication
outline/message-2-cancel	Communication
outline/message-2-check	Communication
outline/message-2-code	Communication
outline/message-2-cog	Communication
outline/message-2-dollar	Communication
outline/message-2-down	Communication
outline/message-2-exclamation	Communication
outline/message-2-heart	Communication
outline/message-2-minus	Communication
outline/message-2-off	Communication
outline/message-2-pause	Communication
outline/message-2-pin	Communication
outline/message-2-plus	Communication
outline/message-2-question	Communication
outline/message-2-search	Communication
outline/message-2-share	Communication
outline/message-2-star	Communication
outline/message-2-up	Communication
outline/message-2-x	Communication
outline/message-2	Communication
outline/message-bolt	Communication
outline/message-cancel	Communication
outline/message-chatbot	Communication
outline/message-check	Communication
outline/message-circle-bolt	Communication
outline/message-circle-cancel	Communication
outline/message-circle-check	Communication
outline/message-circle-code	Communication
outline/message-circle-cog	Communication
outline/message-circle-dollar	Communication
outline/message-circle-down	Communication
outline/message-circle-exclamation	Communication
outline/message-circle-heart	Communication
outline/message-circle-minus	Communication
outline/message-circle-off	Communication
outline/message-circle-pause	Communication
outline/message-circle-pin	Communication
outline/message-circle-plus	Communication
outline/message-circle-question	Communication
outline/message-circle-search	Communication
outline/message-circle-share	Communication
outline/message-circle-star	Communication
outline/message-circle-up	Communication
outline/message-circle-user	Communication
outline/message-circle-x	Communication
outline/message-circle	Communication
outline/message-code	Communication
outline/message-cog	Communication
outline/message-dollar	Communication
outline/message-dots	Communication
outline/message-down	Communication
outline/message-exclamation	Communication
outline/message-forward	Communication
outline/message-heart	Communication
outline/message-language	Communication
outline/message-minus	Communication
outline/message-off	Communication
outline/message-pause	Communication
outline/message-pin	Communication
outline/message-plus	Communication
outline/message-question	Communication
outline/message-reply	Communication
outline/message-report	Communication
outline/message-search	Communication
outline/message-share	Communication
outline/message-star	Communication
outline/message-up	Communication
outline/message-user	Communication
outline/message-x	Communication
outline/message	Communication
outline/messages-off	Communication
outline/messages	Communication
outline/meteor-off	Nature
outline/meteor	Nature
outline/meter-cube	System
outline/meter-square	System
outline/metronome	System
outline/michelin-bib-gourmand	Food
outline/michelin-star-green	Food
outline/michelin-star	Food
outline/mickey	Design
outline/microfrontends	Development
outline/microphone-2-off	Media
outline/microphone-2	Media
outline/microphone-off	Media
outline/microphone	Media
outline/microscope-off	Health
outline/microscope	Health
outline/microwave-off	Food
outline/microwave	Food
outline/middleware	Development
outline/military-award	System
outline/military-rank	System
outline/milk-off	Food
outline/milk	Food
outline/milkshake	Food
outline/minimize	Media
outline/minus-vertical	System
outline/minus	Math
outline/mist-off	Weather
outline/mist	Weather
outline/mobiledata-off	System
outline/mobiledata	System
outline/moneybag-edit	E-commerce
outline/moneybag-heart	E-commerce
outline/moneybag-minus	E-commerce
outline/moneybag-move-back	E-commerce
outline/moneybag-move	E-commerce
outline/moneybag-plus	E-commerce
outline/moneybag	E-commerce
outline/monkeybar	Map
outline/mood-angry	Mood
outline/mood-annoyed-2	Mood
outline/mood-annoyed	Mood
outline/mood-bitcoin	Mood
outline/mood-boy	Mood
outline/mood-check	Mood
outline/mood-cog	Mood
outline/mood-confused	Mood
outline/mood-crazy-happy	Mood
outline/mood-cry	Mood
outline/mood-dollar	Mood
outline/mood-edit	Mood
outline/mood-empty	Mood
outline/mood-happy	Mood
outline/mood-heart	Mood
outline/mood-kid	Mood
outline/mood-look-down	Mood
outline/mood-look-left	Mood
outline/mood-look-right	Mood
outline/mood-look-up	Mood
outline/mood-minus	Mood
outline/mood-nerd	Mood
outline/mood-nervous	Mood
outline/mood-neutral	Mood
outline/mood-off	Mood
outline/mood-pin	Mood
outline/mood-plus	Mood
outline/mood-puzzled	Mood
outline/mood-sad-2	Mood
outline/mood-sad-dizzy	Mood
outline/mood-sad-squint	Mood
outline/mood-sad	Mood
outline/mood-search	Mood
outline/mood-share	Mood
outline/mood-sick	Mood
outline/mood-silence	Mood
outline/mood-sing	Mood
outline/mood-smile-beam	Mood
outline/mood-smile-dizzy	Mood
outline/mood-smile	Mood
outline/mood-spark	Mood
outline/mood-surprised	Mood
outline/mood-tongue-wink-2	Mood
outline/mood-tongue-wink	Mood
outline/mood-tongue	Mood
outline/mood-unamused	Mood
outline/mood-up	Mood
outline/mood-wink-2	Mood
outline/mood-wink	Mood
outline/mood-wrrr	Mood
outline/mood-x	Mood
outline/mood-xd	Mood
outline/moon-2	Weather
outline/moon-off	Weather
outline/moon-stars	Weather
outline/moon	Weather
outline/moped	Vehicles
outline/mosque	Buildings
outline/motorbike	Vehicles
outline/mountain-off	Nature
outline/mountain	Nature
outline/mouse-2	Devices
outline/mouse-off	Devices
outline/mouse	Devices
outline/moustache	Design
outline/movie-off	Media
outline/movie	Media
outline/mug-off	Food
outline/mug	Food
outline/multiplier-0-5x	Math
outline/multiplier-1-5x	Math
outline/multiplier-1x	Math
outline/multiplier-2x	Math
outline/mushroom-off	Food
outline/mushroom	Food
outline/music-bolt	Media
outline/music-cancel	Media
outline/music-check	Media
outline/music-code	Media
outline/music-cog	Media
outline/music-discount	System
outline/music-dollar	Media
outline/music-down	Media
outline/music-exclamation	Media
outline/music-heart	Media
outline/music-minus	Media
outline/music-off	Media
outline/music-pause	Media
outline/music-pin	Media
outline/music-plus	Media
outline/music-question	Media
outline/music-search	Media
outline/music-share	Media
outline/music-star	Media
outline/music-up	Media
outline/music-x	Media
outline/music	Media
outline/navigation-bolt	Map
outline/navigation-cancel	Map
outline/navigation-check	Map
outline/navigation-code	Map
outline/navigation-cog	Map
outline/navigation-discount	Map
outline/navigation-dollar	Map
outline/navigation-down	Map
outline/navigation-east	Map
outline/navigation-exclamation	Map
outline/navigation-heart	Map
outline/navigation-minus	Map
outline/navigation-north	Map
outline/navigation-off	Map
outline/navigation-pause	Map
outline/navigation-pin	Map
outline/navigation-plus	Map
outline/navigation-question	Map
outline/navigation-search	Map
outline/navigation-share	Map
outline/navigation-south	Map
outline/navigation-star	Map
outline/navigation-top	Map
outline/navigation-up	Map
outline/navigation-west	Map
outline/navigation-x	Map
outline/navigation	Map
outline/needle-thread	Design
outline/needle	Design
outline/network-off	Computers
outline/network	Computers
outline/new-section	System
outline/news-off	Document
outline/news	Document
outline/nfc-off	Devices
outline/nfc	Devices
outline/no-copyright	System
outline/no-creative-commons	System
outline/no-derivatives	System
outline/noise-reduction	Design
outline/north-star	Map
outline/notdef	Text
outline/note-off	Document
outline/note	Document
outline/notebook-off	Document
outline/notebook	Document
outline/notes-off	Document
outline/notes	Document
outline/notification-off	System
outline/notification	System
outline/number-0-small	Numbers
outline/number-0	Numbers
outline/number-1-small	Numbers
outline/number-1	Numbers
outline/number-10-small	Numbers
outline/number-10	Numbers
outline/number-100-small	Numbers
outline/number-11-small	Numbers
outline/number-11	Numbers
outline/number-12-small	Numbers
outline/number-123	Numbers
outline/number-13-small	Numbers
outline/number-14-small	Numbers
outline/number-15-small	Numbers
outline/number-16-small	Numbers
outline/number-17-small	Numbers
outline/number-18-small	Numbers
outline/number-19-small	Numbers
outline/number-2-small	Numbers
outline/number-2	Numbers
outline/number-20-small	Numbers
outline/number-21-small	Numbers
outline/number-22-small	Numbers
outline/number-23-small	Numbers
outline/number-24-small	Numbers
outline/number-25-small	Numbers
outline/number-26-small	Numbers
outline/number-27-small	Numbers
outline/number-28-small	Numbers
outline/number-29-small	Numbers
outline/number-3-small	Numbers
outline/number-3	Numbers
outline/number-30-small	Numbers
outline/number-31-small	Numbers
outline/number-32-small	Numbers
outline/number-33-small	Numbers
outline/number-34-small	Numbers
outline/number-35-small	Numbers
outline/number-36-small	Numbers
outline/number-37-small	Numbers
outline/number-38-small	Numbers
outline/number-39-small	Numbers
outline/number-4-small	Numbers
outline/number-4	Numbers
outline/number-40-small	Numbers
outline/number-41-small	Numbers
outline/number-42-small	Numbers
outline/number-43-small	Numbers
outline/number-44-small	Numbers
outline/number-45-small	Numbers
outline/number-46-small	Numbers
outline/number-47-small	Numbers
outline/number-48-small	Numbers
outline/number-49-small	Numbers
outline/number-5-small	Numbers
outline/number-5	Numbers
outline/number-50-small	Numbers
outline/number-51-small	Numbers
outline/number-52-small	Numbers
outline/number-53-small	Numbers
outline/number-54-small	Numbers
outline/number-55-small	Numbers
outline/number-56-small	Numbers
outline/number-57-small	Numbers
outline/number-58-small	Numbers
outline/number-59-small	Numbers
outline/number-6-small	Numbers
outline/number-6	Numbers
outline/number-60-small	Numbers
outline/number-61-small	Numbers
outline/number-62-small	Numbers
outline/number-63-small	Numbers
outline/number-64-small	Numbers
outline/number-65-small	Numbers
outline/number-66-small	Numbers
outline/number-67-small	Numbers
outline/number-68-small	Numbers
outline/number-69-small	Numbers
outline/number-7-small	Numbers
outline/number-7	Numbers
outline/number-70-small	Numbers
outline/number-71-small	Numbers
outline/number-72-small	Numbers
outline/number-73-small	Numbers
outline/number-74-small	Numbers
outline/number-75-small	Numbers
outline/number-76-small	Numbers
outline/number-77-small	Numbers
outline/number-78-small	Numbers
outline/number-79-small	Numbers
outline/number-8-small	Numbers
outline/number-8	Numbers
outline/number-80-small	Numbers
outline/number-81-small	Numbers
outline/number-82-small	Numbers
outline/number-83-small	Numbers
outline/number-84-small	Numbers
outline/number-85-small	Numbers
outline/number-86-small	Numbers
outline/number-87-small	Numbers
outline/number-88-small	Numbers
outline/number-89-small	Numbers
outline/number-9-small	Numbers
outline/number-9	Numbers
outline/number-90-small	Numbers
outline/number-91-small	Numbers
outline/number-92-small	Numbers
outline/number-93-small	Numbers
outline/number-94-small	Numbers
outline/number-95-small	Numbers
outline/number-96-small	Numbers
outline/number-97-small	Numbers
outline/number-98-small	Numbers
outline/number-99-small	Numbers
outline/number	Numbers
outline/numbers	Numbers
outline/nurse	Health
outline/nut	Food
outline/object-scan	System
outline/octagon-minus-2	Shapes
outline/octagon-minus	Shapes
outline/octagon-off	Shapes
outline/octagon-plus-2	Shapes
outline/octagon-plus	Shapes
outline/octagon	Shapes
outline/octahedron-off	Shapes
outline/octahedron-plus	Shapes
outline/octahedron	Shapes
outline/old	Health
outline/olympic-torch	Sport
outline/olympics-off	Sport
outline/olympics	Sport
outline/om	Symbols
outline/omega	Math
outline/option	Symbols
outline/outbound	System
outline/outlet	System
outline/oval-vertical	Shapes
outline/oval	Shapes
outline/overline	Text
outline/package-export	Development
outline/package-import	Development
outline/package-off	E-commerce
outline/package	E-commerce
outline/packages	Development
outline/pacman	Games
outline/page-break	Document
outline/paint-off	Design
outline/paint	Design
outline/palette-off	Design
outline/palette	Design
outline/panorama-horizontal-off	Photography
outline/panorama-horizontal	Photography
outline/panorama-vertical-off	Photography
outline/panorama-vertical	Photography
outline/paper-bag-off	Food
outline/paper-bag	Food
outline/paperclip	Document
outline/parachute-off	Vehicles
outline/parachute	Vehicles
outline/parentheses-off	Math
outline/parentheses	Math
outline/parking-circle	Symbols
outline/parking-meter	Map
outline/parking-off	Map
outline/parking	Map
outline/password-fingerprint	System
outline/password-mobile-phone	System
outline/password-user	System
outline/password	System
outline/paw-off	Animals
outline/paw	Animals
outline/paywall	System
outline/pdf	Extensions
outline/peace	Symbols
outline/pencil-bolt	Design
outline/pencil-cancel	Design
outline/pencil-check	Design
outline/pencil-code	Design
outline/pencil-cog	Design
outline/pencil-discount	Design
outline/pencil-dollar	Design
outline/pencil-down	Design
outline/pencil-exclamation	Design
outline/pencil-heart	Design
outline/pencil-minus	Design
outline/pencil-off	Design
outline/pencil-pause	Design
outline/pencil-pin	Design
outline/pencil-plus	Design
outline/pencil-question	Design
outline/pencil-search	Design
outline/pencil-share	Design
outline/pencil-star	Design
outline/pencil-up	Design
outline/pencil-x	Design
outline/pencil	Design
outline/pendulum	Math
outline/pennant-2	Map
outline/pennant-off	Map
outline/pennant	Map
outline/pentagon-minus	Shapes
outline/pentagon-number-0	Numbers
outline/pentagon-number-1	Numbers
outline/pentagon-number-2	Numbers
outline/pentagon-number-3	Numbers
outline/pentagon-number-4	Numbers
outline/pentagon-number-5	Numbers
outline/pentagon-number-6	Numbers
outline/pentagon-number-7	Numbers
outline/pentagon-number-8	Numbers
outline/pentagon-number-9	Numbers
outline/pentagon-off	Shapes
outline/pentagon-plus	Shapes
outline/pentagon-x	Shapes
outline/pentagon	Shapes
outline/pentagram	Design
outline/pepper-off	Food
outline/pepper	Food
outline/percentage-0	System
outline/percentage-10	System
outline/percentage-100	System
outline/percentage-20	System
outline/percentage-25	System
outline/percentage-30	System
outline/percentage-33	System
outline/percentage-40	System
outline/percentage-50	System
outline/percentage-60	System
outline/percentage-66	System
outline/percentage-70	System
outline/percentage-75	System
outline/percentage-80	System
outline/percentage-90	System
outline/percentage	Math
outline/perfume	E-commerce
outline/perspective-off	Shapes
outline/perspective	Shapes
outline/phone-call	Devices
outline/phone-calling	Devices
outline/phone-check	Devices
outline/phone-done	Communication
outline/phone-end	Communication
outline/phone-incoming	Devices
outline/phone-off	Devices
outline/phone-outgoing	Devices
outline/phone-pause	Devices
outline/phone-plus	Devices
outline/phone-ringing	Communication
outline/phone-spark	Devices
outline/phone-x	Devices
outline/phone	Devices
outline/photo-ai	Media
outline/photo-alt	Media
outline/photo-bitcoin	Photography
outline/photo-bolt	Media
outline/photo-cancel	Media
outline/photo-check	Media
outline/photo-circle-minus	Media
outline/photo-circle-plus	Media
outline/photo-circle	Photography
outline/photo-code	Media
outline/photo-cog	Media
outline/photo-dollar	Media
outline/photo-down	Media
outline/photo-edit	Media
outline/photo-exclamation	Media
outline/photo-heart	Media
outline/photo-hexagon	Photography
outline/photo-minus	Media
outline/photo-off	Media
outline/photo-pause	Media
outline/photo-pentagon	Photography
outline/photo-pin	Media
outline/photo-plus	Media
outline/photo-question	Media
outline/photo-scan	System
outline/photo-search	Media
outline/photo-sensor-2	Photography
outline/photo-sensor-3	Photography
outline/photo-sensor	Photography
outline/photo-share	Media
outline/photo-shield	Media
outline/photo-spark	Media
outline/photo-square-rounded	Photography
outline/photo-star	Media
outline/photo-up	Media
outline/photo-video	Photography
outline/photo-x	Media
outline/photo	Media
outline/physiotherapist	Health
outline/piano	Games
outline/pick	Games
outline/picnic-table	Map
outline/picture-in-picture-off	Media
outline/picture-in-picture-on	Media
outline/picture-in-picture-top	Media
outline/picture-in-picture	Media
outline/pig-money	Animals
outline/pig-off	Animals
outline/pig	Animals
outline/pilcrow-left	Text
outline/pilcrow-right	Text
outline/pilcrow	Text
outline/pill-off	Health
outline/pill	Health
outline/pillow	System
outline/pills	Health
outline/pin-end	System
outline/pin-invoke	System
outline/pin	Map
outline/ping-pong	Sport
outline/pinned-off	Map
outline/pinned	Map
outline/pipeline	Development
outline/pizza-off	Food
outline/pizza	Food
outline/placeholder	Design
outline/plane-arrival	Vehicles
outline/plane-departure	Vehicles
outline/plane-inflight	Vehicles
outline/plane-off	Vehicles
outline/plane-tilt	Vehicles
outline/plane	Vehicles
outline/planet-off	Map
outline/planet	Map
outline/plant-2-off	Nature
outline/plant-2	Nature
outline/plant-off	Nature
outline/plant	Nature
outline/play-basketball	Sport
outline/play-bug	Development
outline/play-bugs	Development
outline/play-card-1	Games
outline/play-card-10	Games
outline/play-card-2	Games
outline/play-card-3	Games
outline/play-card-4	Games
outline/play-card-5	Games
outline/play-card-6	Games
outline/play-card-7	Games
outline/play-card-8	Games
outline/play-card-9	Games
outline/play-card-a	Games
outline/play-card-j	Games
outline/play-card-k	Games
outline/play-card-off	Games
outline/play-card-q	Games
outline/play-card-star	Games
outline/play-card	Games
outline/play-football	Sport
outline/play-handball	Sport
outline/play-volleyball	Sport
outline/player-eject	Media
outline/player-pause	Media
outline/player-play	Media
outline/player-record	Media
outline/player-skip-back	Media
outline/player-skip-forward	Media
outline/player-stop	Media
outline/player-track-next	Media
outline/player-track-prev	Media
outline/playlist-add	System
outline/playlist-off	Media
outline/playlist-x	Media
outline/playlist	Media
outline/playstation-circle	Devices
outline/playstation-square	Devices
outline/playstation-triangle	Devices
outline/playstation-x	Devices
outline/plug-connected-x	Devices
outline/plug-connected	Devices
outline/plug-off	Devices
outline/plug-x	Devices
outline/plug	Devices
outline/plunger	Health
outline/plus-equal	Math
outline/plus-minus	Math
outline/plus	Math
outline/png	Extensions
outline/podium-off	Buildings
outline/podium	Buildings
outline/point-off	System
outline/point	System
outline/pointer-2	System
outline/pointer-bolt	System
outline/pointer-cancel	System
outline/pointer-check	System
outline/pointer-code	System
outline/pointer-cog	System
outline/pointer-collaboration-2	System
outline/pointer-collaboration	System
outline/pointer-dollar	System
outline/pointer-down	System
outline/pointer-exclamation	System
outline/pointer-heart	System
outline/pointer-minus	System
outline/pointer-off	System
outline/pointer-pause	System
outline/pointer-pin	System
outline/pointer-plus	System
outline/pointer-question	System
outline/pointer-search	System
outline/pointer-share	System
outline/pointer-star	System
outline/pointer-up	System
outline/pointer-x	System
outline/pointer	System
outline/pokeball-off	Map
outline/pokeball	Map
outline/poker-chip	Games
outline/polaroid	Photography
outline/polygon-off	Design
outline/polygon	Design
outline/poo	System
outline/pool-off	Sport
outline/pool	Sport
outline/power	Devices
outline/pray	System
outline/premium-rights	System
outline/prescription	Health
outline/presentation-analytics	Document
outline/presentation-off	Document
outline/presentation	Document
outline/printer-off	Devices
outline/printer	Devices
outline/prism-light	System
outline/prism-off	Shapes
outline/prism-plus	Shapes
outline/prism	Shapes
outline/prison	Map
outline/progress-alert	System
outline/progress-bolt	System
outline/progress-check	System
outline/progress-down	System
outline/progress-help	System
outline/progress-x	System
outline/progress	System
outline/prompt	Development
outline/prong	Design
outline/propeller-off	System
outline/propeller	System
outline/protocol	System
outline/pumpkin-scary	Games
outline/puzzle-2	Games
outline/puzzle-off	Games
outline/puzzle	Games
outline/pyramid-off	Shapes
outline/pyramid-plus	Shapes
outline/pyramid	Shapes
outline/qrcode-off	Devices
outline/qrcode	Devices
outline/question-mark	System
outline/queue-pop-in	Development
outline/queue-pop-out	Development
outline/quote-off	Text
outline/quote-open	Text
outline/quote	Text
outline/quotes	Text
outline/radar-2	Map
outline/radar-off	Map
outline/radar	Map
outline/radio-off	Media
outline/radio	Media
outline/radioactive-off	Symbols
outline/radioactive	Symbols
outline/radius-bottom-left	Design
outline/radius-bottom-right	Design
outline/radius-top-left	Design
outline/radius-top-right	Design
outline/rainbow-off	Weather
outline/rainbow	Weather
outline/rating-12-plus	Symbols
outline/rating-14-plus	Symbols
outline/rating-16-plus	Symbols
outline/rating-18-plus	Symbols
outline/rating-21-plus	Symbols
outline/razor-electric	Health
outline/razor	Health
outline/receipt-2	Document
outline/receipt-bitcoin	E-commerce
outline/receipt-dollar	Document
outline/receipt-euro	E-commerce
outline/receipt-off	Document
outline/receipt-pound	E-commerce
outline/receipt-refund	Document
outline/receipt-rupee	E-commerce
outline/receipt-tax	Document
outline/receipt-yen	E-commerce
outline/receipt-yuan	E-commerce
outline/receipt	Document
outline/recharging	System
outline/record-mail-off	System
outline/record-mail	System
outline/rectangle-rounded-bottom	Shapes
outline/rectangle-rounded-top	Shapes
outline/rectangle-vertical	Shapes
outline/rectangle	Shapes
outline/rectangular-prism-off	Shapes
outline/rectangular-prism-plus	Shapes
outline/rectangular-prism	Shapes
outline/recycle-off	Symbols
outline/recycle	Symbols
outline/refresh-alert	Arrows
outline/refresh-dot	Arrows
outline/refresh-off	Arrows
outline/refresh	Arrows
outline/regex-off	Text
outline/regex	Text
outline/registered	Symbols
outline/relation-many-to-many	Database
outline/relation-one-to-many	Database
outline/relation-one-to-one	Database
outline/reload	Arrows
outline/remote-control	Devices
outline/reorder	System
outline/repeat-off	Media
outline/repeat-once	Media
outline/repeat	Media
outline/replace-off	System
outline/replace-user	System
outline/replace	System
outline/report-analytics	Document
outline/report-medical	Document
outline/report-money	Document
outline/report-off	Document
outline/report-search	Document
outline/report	Document
outline/reserved-line	System
outline/resize	Design
outline/restore	System
outline/rewind-backward-10	Media
outline/rewind-backward-15	Media
outline/rewind-backward-20	Media
outline/rewind-backward-30	Media
outline/rewind-backward-40	Media
outline/rewind-backward-5	Media
outline/rewind-backward-50	Media
outline/rewind-backward-60	Media
outline/rewind-forward-10	Media
outline/rewind-forward-15	Media
outline/rewind-forward-20	Media
outline/rewind-forward-30	Media
outline/rewind-forward-40	Media
outline/rewind-forward-5	Media
outline/rewind-forward-50	Media
outline/rewind-forward-60	Media
outline/ribbon-health	Symbols
outline/rings	Sport
outline/ripple-down	Arrows
outline/ripple-off	Nature
outline/ripple-up	Arrows
outline/ripple	Nature
outline/road-off	Map
outline/road-sign	Map
outline/road	Map
outline/robot-face	System
outline/robot-off	System
outline/robot	Games
outline/rocket-off	Map
outline/rocket	Map
outline/rocking-chair	Buildings
outline/roller-skating	Sport
outline/rollercoaster-off	Vehicles
outline/rollercoaster	Vehicles
outline/rosette-asterisk	Shapes
outline/rosette-discount-check-off	E-commerce
outline/rosette-discount-check	E-commerce
outline/rosette-discount-off	E-commerce
outline/rosette-discount	E-commerce
outline/rosette-number-0	Numbers
outline/rosette-number-1	Numbers
outline/rosette-number-2	Numbers
outline/rosette-number-3	Numbers
outline/rosette-number-4	Numbers
outline/rosette-number-5	Numbers
outline/rosette-number-6	Numbers
outline/rosette-number-7	Numbers
outline/rosette-number-8	Numbers
outline/rosette-number-9	Numbers
outline/rosette	Shapes
outline/rotate-2	Arrows
outline/rotate-360	Arrows
outline/rotate-3d	System
outline/rotate-clockwise-2	Arrows
outline/rotate-clockwise	Arrows
outline/rotate-dot	Arrows
outline/rotate-rectangle	Arrows
outline/rotate	Arrows
outline/roulette	Games
outline/route-2	Map
outline/route-alt-left	Map
outline/route-alt-right	Map
outline/route-off	Map
outline/route-scan	System
outline/route-square-2	Map
outline/route-square	Map
outline/route-x-2	Map
outline/route-x	Map
outline/route	Map
outline/router-off	Devices
outline/router	Devices
outline/row-insert-bottom	Database
outline/row-insert-top	Database
outline/row-remove	Database
outline/rss	Communication
outline/rubber-stamp-off	Document
outline/rubber-stamp	Document
outline/rugby	Sport
outline/ruler-2-off	Design
outline/ruler-2	Design
outline/ruler-3	Design
outline/ruler-measure-2	Design
outline/ruler-measure	Design
outline/ruler-off	Design
outline/ruler	Design
outline/run-sprint	Sport
outline/run	Sport
outline/rv-truck	System
outline/s-turn-down	Arrows
outline/s-turn-left	Arrows
outline/s-turn-right	Arrows
outline/s-turn-up	Arrows
outline/sailboat-2	Vehicles
outline/sailboat-off	Vehicles
outline/sailboat	Vehicles
outline/salad	Food
outline/salt	Food
outline/sandbox	System
outline/satellite-off	Map
outline/satellite	Map
outline/sausage	Food
outline/scale-off	System
outline/scale-outline-off	System
outline/scale-outline	System
outline/scale	System
outline/scan-cube	System
outline/scan-eye	System
outline/scan-letter-a	Letters
outline/scan-letter-t	Letters
outline/scan-position	System
outline/scan-traces	Development
outline/scan	System
outline/schema-off	Database
outline/schema	Database
outline/school-bell	Buildings
outline/school-off	Map
outline/school	Map
outline/scissors-off	Design
outline/scissors	Design
outline/scooter-electric	Vehicles
outline/scooter	Vehicles
outline/scoreboard	Sport
outline/screen-share-off	Devices
outline/screen-share	Devices
outline/screenshot	Photography
outline/scribble-off	Text
outline/scribble	Text
outline/script-minus	Document
outline/script-plus	Document
outline/script-x	Document
outline/script	Document
outline/scuba-diving-tank	Sport
outline/scuba-diving	Sport
outline/scuba-mask-off	Sport
outline/scuba-mask	Sport
outline/sdk	Development
outline/search-off	System
outline/search	System
outline/section-sign	Text
outline/section	Design
outline/seedling-off	Nature
outline/seedling	Nature
outline/segway	Vehicles
outline/select-all	System
outline/select	Arrows
outline/selector	Arrows
outline/send-2	Communication
outline/send-off	Communication
outline/send	Communication
outline/seo	Development
outline/separator-horizontal	Text
outline/separator-vertical	Text
outline/separator	Text
outline/server-2	Devices
outline/server-bolt	Devices
outline/server-cog	Devices
outline/server-off	Devices
outline/server-spark	Devices
outline/server	Devices
outline/serverless	Development
outline/servicemark	Symbols
outline/settings-2	System
outline/settings-ai	System
outline/settings-automation	System
outline/settings-bolt	System
outline/settings-cancel	System
outline/settings-check	System
outline/settings-code	System
outline/settings-cog	System
outline/settings-dollar	System
outline/settings-down	System
outline/settings-exclamation	System
outline/settings-heart	System
outline/settings-minus	System
outline/settings-off	System
outline/settings-pause	System
outline/settings-pin	System
outline/settings-plus	System
outline/settings-question	System
outline/settings-search	System
outline/settings-share	System
outline/settings-spark	System
outline/settings-star	System
outline/settings-up	System
outline/settings-x	System
outline/settings	System
outline/shadow-off	Photography
outline/shadow	Photography
outline/shape-2	Design
outline/shape-3	Design
outline/shape-off	Design
outline/shape	Design
outline/share-2	Arrows
outline/share-3	Arrows
outline/share-off	System
outline/share	System
outline/shareplay	Media
outline/shield-bolt	System
outline/shield-cancel	System
outline/shield-check	System
outline/shield-checkered	System
outline/shield-chevron	System
outline/shield-code	System
outline/shield-cog	System
outline/shield-dollar	System
outline/shield-down	System
outline/shield-exclamation	System
outline/shield-half	System
outline/shield-heart	System
outline/shield-lock	System
outline/shield-minus	System
outline/shield-off	System
outline/shield-pause	System
outline/shield-pin	System
outline/shield-plus	System
outline/shield-question	System
outline/shield-search	System
outline/shield-share	System
outline/shield-star	System
outline/shield-up	System
outline/shield-x	System
outline/shield	System
outline/ship-off	Vehicles
outline/ship	Vehicles
outline/shirt-off	E-commerce
outline/shirt-sport	E-commerce
outline/shirt	E-commerce
outline/shoe-off	E-commerce
outline/shoe	E-commerce
outline/shopping-bag-check	E-commerce
outline/shopping-bag-discount	E-commerce
outline/shopping-bag-edit	E-commerce
outline/shopping-bag-exclamation	E-commerce
outline/shopping-bag-heart	E-commerce
outline/shopping-bag-minus	E-commerce
outline/shopping-bag-plus	E-commerce
outline/shopping-bag-search	E-commerce
outline/shopping-bag-x	E-commerce
outline/shopping-bag	E-commerce
outline/shopping-cart-bolt	E-commerce
outline/shopping-cart-cancel	E-commerce
outline/shopping-cart-check	E-commerce
outline/shopping-cart-code	E-commerce
outline/shopping-cart-cog	E-commerce
outline/shopping-cart-copy	E-commerce
outline/shopping-cart-discount	E-commerce
outline/shopping-cart-dollar	E-commerce
outline/shopping-cart-down	E-commerce
outline/shopping-cart-exclamation	E-commerce
outline/shopping-cart-heart	E-commerce
outline/shopping-cart-minus	E-commerce
outline/shopping-cart-off	E-commerce
outline/shopping-cart-pause	E-commerce
outline/shopping-cart-pin	E-commerce
outline/shopping-cart-plus	E-commerce
outline/shopping-cart-question	E-commerce
outline/shopping-cart-search	E-commerce
outline/shopping-cart-share	E-commerce
outline/shopping-cart-star	E-commerce
outline/shopping-cart-up	E-commerce
outline/shopping-cart-x	E-commerce
outline/shopping-cart	E-commerce
outline/shovel-pitchforks	Design
outline/shovel	Design
outline/shredder	Devices
outline/sign-left	Map
outline/sign-right	Map
outline/signal-2g	Devices
outline/signal-3g	Devices
outline/signal-4g-plus	Devices
outline/signal-4g	Devices
outline/signal-5g	Devices
outline/signal-6g	Devices
outline/signal-e	Devices
outline/signal-g	Devices
outline/signal-h-plus	Devices
outline/signal-h	Devices
outline/signal-lte	Devices
outline/signature-off	Text
outline/signature	Text
outline/sitemap-off	Development
outline/sitemap	Development
outline/skateboard-off	Vehicles
outline/skateboard	Vehicles
outline/skateboarding	Sport
outline/sketching	Design
outline/skew-x	System
outline/skew-y	System
outline/ski-jumping	Sport
outline/skull	Health
outline/slash	Math
outline/slashes	System
outline/sleigh	Vehicles
outline/slice	Design
outline/slideshow	Text
outline/smart-home-off	Buildings
outline/smart-home	Buildings
outline/smoking-no	Health
outline/smoking	Health
outline/snowboarding	System
outline/snowflake-off	Weather
outline/snowflake	Weather
outline/snowman	Nature
outline/soccer-field	Sport
outline/social-off	System
outline/social	System
outline/sock	E-commerce
outline/sofa-off	System
outline/sofa	System
outline/solar-electricity	System
outline/solar-panel-2	System
outline/solar-panel	System
outline/sort-0-9	Text
outline/sort-9-0	Text
outline/sort-a-z	Text
outline/sort-ascending-2	Text
outline/sort-ascending-letters	Text
outline/sort-ascending-numbers	Text
outline/sort-ascending-shapes	System
outline/sort-ascending-small-big	System
outline/sort-ascending	Text
outline/sort-descending-2	Text
outline/sort-descending-letters	Text
outline/sort-descending-numbers	Text
outline/sort-descending-shapes	System
outline/sort-descending-small-big	System
outline/sort-descending	Text
outline/sort-z-a	Text
outline/sos	System
outline/soup-off	Food
outline/soup	Food
outline/source-code	Development
outline/space-off	Text
outline/space	Text
outline/spaces	System
outline/spacing-horizontal	Document
outline/spacing-vertical	Document
outline/spade	Shapes
outline/sparkle-2	Design
outline/sparkle-highlight	Design
outline/sparkle	Design
outline/sparkles-2-off	Design
outline/sparkles-2	Design
outline/sparkles	System
outline/speakerphone	Media
outline/speedboat	Vehicles
outline/sphere-2	Shapes
outline/sphere-off	Shapes
outline/sphere-plus	Shapes
outline/sphere	Shapes
outline/spider	Animals
outline/spiral-off	System
outline/spiral	System
outline/sport-billiard	Sport
outline/spray	System
outline/spy-off	System
outline/spy	System
outline/sql	Extensions
outline/square-arrow-down	Arrows
outline/square-arrow-left	Arrows
outline/square-arrow-right	Arrows
outline/square-arrow-up	Arrows
outline/square-asterisk	Shapes
outline/square-check	Shapes
outline/square-chevron-down	Arrows
outline/square-chevron-left	Arrows
outline/square-chevron-right	Arrows
outline/square-chevron-up	Arrows
outline/square-chevrons-down	Arrows
outline/square-chevrons-left	Arrows
outline/square-chevrons-right	Arrows
outline/square-chevrons-up	Arrows
outline/square-dashed	Shapes
outline/square-dot	Shapes
outline/square-f0	System
outline/square-f1	System
outline/square-f2	System
outline/square-f3	System
outline/square-f4	System
outline/square-f5	System
outline/square-f6	System
outline/square-f7	System
outline/square-f8	System
outline/square-f9	System
outline/square-forbid-2	Shapes
outline/square-forbid	Shapes
outline/square-half	Design
outline/square-key	Shapes
outline/square-letter-a	Letters
outline/square-letter-b	Letters
outline/square-letter-c	Letters
outline/square-letter-d	Letters
outline/square-letter-e	Letters
outline/square-letter-f	Letters
outline/square-letter-g	Letters
outline/square-letter-h	Letters
outline/square-letter-i	Letters
outline/square-letter-j	Letters
outline/square-letter-k	Letters
outline/square-letter-l	Letters
outline/square-letter-m	Letters
outline/square-letter-n	Letters
outline/square-letter-o	Letters
outline/square-letter-p	Letters
outline/square-letter-q	Letters
outline/square-letter-r	Letters
outline/square-letter-s	Letters
outline/square-letter-t	Letters
outline/square-letter-u	Letters
outline/square-letter-v	Letters
outline/square-letter-w	Letters
outline/square-letter-x	Letters
outline/square-letter-y	Letters
outline/square-letter-z	Letters
outline/square-minus-2	Shapes
outline/square-minus	Shapes
outline/square-number-0	Numbers
outline/square-number-1	Numbers
outline/square-number-2	Numbers
outline/square-number-3	Numbers
outline/square-number-4	Numbers
outline/square-number-5	Numbers
outline/square-number-6	Numbers
outline/square-number-7	Numbers
outline/square-number-8	Numbers
outline/square-number-9	Numbers
outline/square-off	Shapes
outline/square-percentage	Shapes
outline/square-plus-2	Shapes
outline/square-plus	Shapes
outline/square-root-2	Math
outline/square-root	Math
outline/square-rotated-asterisk	Shapes
outline/square-rotated-forbid-2	Shapes
outline/square-rotated-forbid	Shapes
outline/square-rotated-off	Shapes
outline/square-rotated	Shapes
outline/square-rounded-arrow-down	Arrows
outline/square-rounded-arrow-left	Arrows
outline/square-rounded-arrow-right	Arrows
outline/square-rounded-arrow-up	Arrows
outline/square-rounded-check	Shapes
outline/square-rounded-chevron-down	Arrows
outline/square-rounded-chevron-left	Arrows
outline/square-rounded-chevron-right	Arrows
outline/square-rounded-chevron-up	Arrows
outline/square-rounded-chevrons-down	Arrows
outline/square-rounded-chevrons-left	Arrows
outline/square-rounded-chevrons-right	Arrows
outline/square-rounded-chevrons-up	Arrows
outline/square-rounded-letter-a	Letters
outline/square-rounded-letter-b	Letters
outline/square-rounded-letter-c	Letters
outline/square-rounded-letter-d	Letters
outline/square-rounded-letter-e	Letters
outline/square-rounded-letter-f	Letters
outline/square-rounded-letter-g	Letters
outline/square-rounded-letter-h	Letters
outline/square-rounded-letter-i	Letters
outline/square-rounded-letter-j	Letters
outline/square-rounded-letter-k	Letters
outline/square-rounded-letter-l	Letters
outline/square-rounded-letter-m	Letters
outline/square-rounded-letter-n	Letters
outline/square-rounded-letter-o	Letters
outline/square-rounded-letter-p	Letters
outline/square-rounded-letter-q	Letters
outline/square-rounded-letter-r	Letters
outline/square-rounded-letter-s	Letters
outline/square-rounded-letter-t	Letters
outline/square-rounded-letter-u	Letters
outline/square-rounded-letter-v	Letters
outline/square-rounded-letter-w	Letters
outline/square-rounded-letter-x	Letters
outline/square-rounded-letter-y	Letters
outline/square-rounded-letter-z	Letters
outline/square-rounded-minus-2	Shapes
outline/square-rounded-minus	Shapes
outline/square-rounded-number-0	Numbers
outline/square-rounded-number-1	Numbers
outline/square-rounded-number-2	Numbers
outline/square-rounded-number-3	Numbers
outline/square-rounded-number-4	Numbers
outline/square-rounded-number-5	Numbers
outline/square-rounded-number-6	Numbers
outline/square-rounded-number-7	Numbers
outline/square-rounded-number-8	Numbers
outline/square-rounded-number-9	Numbers
outline/square-rounded-percentage	Shapes
outline/square-rounded-plus-2	Shapes
outline/square-rounded-plus	Shapes
outline/square-rounded-x	Shapes
outline/square-rounded	Shapes
outline/square-toggle-horizontal	Design
outline/square-toggle	Design
outline/square-x	Shapes
outline/square	Shapes
outline/squares-diagonal	Design
outline/squares-selected	Shapes
outline/squares	Design
outline/stack-2	Design
outline/stack-3	Design
outline/stack-back	System
outline/stack-backward	System
outline/stack-forward	System
outline/stack-front	System
outline/stack-middle	System
outline/stack-pop	Design
outline/stack-push	Design
outline/stack	Design
outline/stairs-down	Map
outline/stairs-up	Map
outline/stairs	Map
outline/star-half	System
outline/star-off	System
outline/star	System
outline/stars-off	System
outline/stars	System
outline/status-change	System
outline/steam	System
outline/steering-wheel-off	Vehicles
outline/steering-wheel	Vehicles
outline/step-into	Arrows
outline/step-out	Arrows
outline/stereo-glasses	System
outline/stethoscope-off	Health
outline/stethoscope	Health
outline/sticker-2	Design
outline/sticker	Design
outline/stopwatch	System
outline/storm-off	Weather
outline/storm	Weather
outline/stretching-2	Sport
outline/stretching	Sport
outline/strikethrough	Text
outline/stroke-curved	Design
outline/stroke-dynamic	Design
outline/stroke-straight	Design
outline/submarine	Vehicles
outline/subscript	Text
outline/subtask	System
outline/subtitles-ai	Media
outline/subtitles-edit	Media
outline/subtitles-off	Media
outline/subtitles	Media
outline/sum-off	Math
outline/sum	Math
outline/sun-electricity	Nature
outline/sun-high	Weather
outline/sun-low	Weather
outline/sun-moon	Weather
outline/sun-off	Weather
outline/sun-wind	Weather
outline/sun	Weather
outline/sunglasses	Health
outline/sunrise	Weather
outline/sunset-2	Weather
outline/sunset	Weather
outline/superscript	Text
outline/svg	Extensions
outline/swimming	Sport
outline/swipe-down	Arrows
outline/swipe-left	Arrows
outline/swipe-right	Arrows
outline/swipe-up	Arrows
outline/swipe	System
outline/switch-2	Arrows
outline/switch-3	Arrows
outline/switch-horizontal	Arrows
outline/switch-vertical	Arrows
outline/switch	Arrows
outline/sword-off	Games
outline/sword	Games
outline/swords	Games
outline/tab-close	System
outline/table-alias	Database
outline/table-column	Database
outline/table-dashed	System
outline/table-down	Database
outline/table-export	Database
outline/table-heart	Database
outline/table-import	Database
outline/table-minus	Database
outline/table-off	Database
outline/table-options	Database
outline/table-plus	Database
outline/table-row	Database
outline/table-share	Database
outline/table-shortcut	Database
outline/table-spark	Database
outline/table	Database
outline/tabs	System
outline/tag-minus	E-commerce
outline/tag-off	E-commerce
outline/tag-plus	E-commerce
outline/tag-starred	E-commerce
outline/tag	E-commerce
outline/tags-chevron-down	E-commerce
outline/tags-chevron-left	E-commerce
outline/tags-chevron-right	E-commerce
outline/tags-chevron-up	E-commerce
outline/tags-off	E-commerce
outline/tags	E-commerce
outline/taiwan-dollar	Currencies
outline/tallymark-1	Math
outline/tallymark-2	Math
outline/tallymark-3	Math
outline/tallymark-4	Math
outline/tallymarks	Math
outline/tank	Vehicles
outline/target-2	Sport
outline/target-arrow	Sport
outline/target-off	Map
outline/target	Map
outline/tax-euro	Currencies
outline/tax-pound	Currencies
outline/tax	Currencies
outline/teapot	Food
outline/telescope-off	System
outline/telescope	System
outline/temperature-celsius	Weather
outline/temperature-fahrenheit	Weather
outline/temperature-minus	Weather
outline/temperature-off	Weather
outline/temperature-plus	Weather
outline/temperature-snow	System
outline/temperature-sun	System
outline/temperature	Weather
outline/template-off	Design
outline/template	Design
outline/tent-off	Map
outline/tent	Map
outline/terminal-2	Development
outline/terminal	System
outline/test-pipe-2	System
outline/test-pipe-off	System
outline/test-pipe	System
outline/tex	Text
outline/text-caption	Text
outline/text-color	Text
outline/text-decrease	Text
outline/text-direction-ltr	Text
outline/text-direction-rtl	Text
outline/text-grammar	Text
outline/text-increase	Text
outline/text-orientation	Text
outline/text-outline	Text
outline/text-plus	Text
outline/text-recognition	Text
outline/text-regex-asterisk	Text
outline/text-regex-end	Text
outline/text-regex-plus	Text
outline/text-regex-question	Text
outline/text-regex-start	Text
outline/text-resize	Design
outline/text-scan-2	System
outline/text-scan-ai	System
outline/text-size	Text
outline/text-spellcheck	Text
outline/text-wrap-column	Text
outline/text-wrap-disabled	Text
outline/text-wrap	Text
outline/texture	System
outline/theater	Map
outline/thermometer	Health
outline/thinking-high	Development
outline/thinking-low	Development
outline/thinking-medium	Development
outline/thumb-down-off	System
outline/thumb-down	System
outline/thumb-up-off	System
outline/thumb-up	System
outline/tic-tac	Sport
outline/ticket-off	Document
outline/ticket	Document
outline/tie	E-commerce
outline/tilde	System
outline/tilt-shift-off	Photography
outline/tilt-shift	Photography
outline/time-duration-0	System
outline/time-duration-10	System
outline/time-duration-15	System
outline/time-duration-30	System
outline/time-duration-45	System
outline/time-duration-5	System
outline/time-duration-60	System
outline/time-duration-90	System
outline/time-duration-off	System
outline/timeline-event-exclamation	Development
outline/timeline-event-minus	Development
outline/timeline-event-plus	Development
outline/timeline-event-text	Development
outline/timeline-event-x	Development
outline/timeline-event	Development
outline/timeline	System
outline/timezone	System
outline/tip-jar-euro	System
outline/tip-jar-pound	System
outline/tip-jar	System
outline/tir	Vehicles
outline/toggle-left	System
outline/toggle-right	System
outline/toilet-paper-off	System
outline/toilet-paper	System
outline/toml	Extensions
outline/tool	System
outline/tools-kitchen-2-off	Map
outline/tools-kitchen-2	Food
outline/tools-kitchen-3	Food
outline/tools-kitchen-off	Map
outline/tools-kitchen	Food
outline/tools-off	Design
outline/tools	Design
outline/tooltip	System
outline/topology-bus	Computers
outline/topology-complex	Computers
outline/topology-full-hierarchy	Computers
outline/topology-full	Computers
outline/topology-ring-2	Computers
outline/topology-ring-3	Computers
outline/topology-ring	Computers
outline/topology-star-2	Computers
outline/topology-star-3	Computers
outline/topology-star-ring-2	Computers
outline/topology-star-ring-3	Computers
outline/topology-star-ring	Computers
outline/topology-star	Computers
outline/torii	Symbols
outline/tornado	Weather
outline/tournament	Sport
outline/tower-off	Buildings
outline/tower	Buildings
outline/track	Vehicles
outline/tractor	Vehicles
outline/trademark	Symbols
outline/traffic-cone-off	Map
outline/traffic-cone	Map
outline/traffic-lights-off	Map
outline/traffic-lights	Map
outline/train	Vehicles
outline/transaction-bitcoin	Currencies
outline/transaction-dollar	E-commerce
outline/transaction-euro	E-commerce
outline/transaction-pound	E-commerce
outline/transaction-rupee	Currencies
outline/transaction-yen	E-commerce
outline/transaction-yuan	E-commerce
outline/transfer-in	E-commerce
outline/transfer-out	E-commerce
outline/transfer-vertical	System
outline/transfer	System
outline/transform-point-bottom-left	System
outline/transform-point-bottom-right	System
outline/transform-point-top-left	System
outline/transform-point-top-right	System
outline/transform-point	System
outline/transform	System
outline/transition-bottom	Arrows
outline/transition-left	Arrows
outline/transition-right	Arrows
outline/transition-top	Arrows
outline/trash-off	System
outline/trash-x	System
outline/trash	System
outline/treadmill	Sport
outline/treasure-chest	Games
outline/tree	Map
outline/trees	Map
outline/trekking	Sport
outline/trending-down-2	Arrows
outline/trending-down-3	Arrows
outline/trending-down	Arrows
outline/trending-up-2	Arrows
outline/trending-up-3	Arrows
outline/trending-up-down	Charts
outline/trending-up	Arrows
outline/triangle-inverted	Shapes
outline/triangle-minus-2	Shapes
outline/triangle-minus	Shapes
outline/triangle-off	Shapes
outline/triangle-plus-2	Shapes
outline/triangle-plus	Shapes
outline/triangle-square-circle	Shapes
outline/triangle	Shapes
outline/triangles	Shapes
outline/trident	Design
outline/trolley	Vehicles
outline/trophy-off	Sport
outline/trophy	Sport
outline/trowel	System
outline/truck-delivery	E-commerce
outline/truck-loading	E-commerce
outline/truck-off	Vehicles
outline/truck-return	E-commerce
outline/truck	Vehicles
outline/twig	Nature
outline/txt	Extensions
outline/typeface	Design
outline/typography-off	Text
outline/typography	Text
outline/u-turn-left	Arrows
outline/u-turn-right	Arrows
outline/ufo-off	System
outline/ufo	Games
outline/uhd	System
outline/umbrella-2	System
outline/umbrella-closed-2	System
outline/umbrella-closed	System
outline/umbrella-off	System
outline/umbrella	System
outline/underline-off	Text
outline/underline	Text
outline/unicycle	Vehicles
outline/universe	System
outline/unlink	Text
outline/upload	Arrows
outline/urgent	System
outline/usb	System
outline/user-bitcoin	System
outline/user-bolt	System
outline/user-cancel	System
outline/user-check	System
outline/user-circle	System
outline/user-code	System
outline/user-cog	System
outline/user-dollar	System
outline/user-down	System
outline/user-edit	System
outline/user-exclamation	System
outline/user-heart	System
outline/user-hexagon	System
outline/user-key	Development
outline/user-minus	System
outline/user-off	System
outline/user-pause	System
outline/user-pentagon	System
outline/user-pin	System
outline/user-plus	System
outline/user-question	System
outline/user-scan	System
outline/user-screen	Media
outline/user-search	System
outline/user-share	System
outline/user-shield	System
outline/user-square-rounded	System
outline/user-square	System
outline/user-star	System
outline/user-up	System
outline/user-x	System
outline/user	System
outline/users-group	System
outline/users-minus	System
outline/users-plus	System
outline/users	System
outline/uv-index	Weather
outline/ux-circle	Design
outline/vaccine-bottle-off	Health
outline/vaccine-bottle	Health
outline/vaccine-off	Health
outline/vaccine	Health
outline/vacuum-cleaner	System
outline/variable-minus	Math
outline/variable-off	Math
outline/variable-plus	Math
outline/variable	Math
outline/vault	System
outline/vector-bezier-2	Design
outline/vector-bezier-arc	Design
outline/vector-bezier-circle	Design
outline/vector-bezier	Design
outline/vector-off	Design
outline/vector-spline	Design
outline/vector-triangle-off	Design
outline/vector-triangle	Design
outline/vector	Design
outline/venus	Symbols
outline/versions-off	Development
outline/versions	Development
outline/video-minus	Media
outline/video-off	Media
outline/video-plus	Media
outline/video	Media
outline/view-360-arrow	System
outline/view-360-number	System
outline/view-360-off	System
outline/view-360	System
outline/viewfinder-off	Map
outline/viewfinder	Map
outline/viewport-narrow	Devices
outline/viewport-short	System
outline/viewport-tall	System
outline/viewport-wide	Devices
outline/vignette	Design
outline/vinyl	Devices
outline/vip-2	System
outline/vip-off	System
outline/vip	System
outline/virtual-space	System
outline/virus-off	Health
outline/virus-search	Health
outline/virus	Health
outline/vocabulary-off	Text
outline/vocabulary	Text
outline/volcano	Map
outline/volume-2	Media
outline/volume-3	Media
outline/volume-4	Media
outline/volume-off	Media
outline/volume	Media
outline/vs	System
outline/walk	Sport
outline/wall-off	Buildings
outline/wall	Buildings
outline/wallet-off	E-commerce
outline/wallet	E-commerce
outline/wallpaper-off	System
outline/wallpaper	System
outline/wand-off	System
outline/wand	System
outline/wash-dry-1	Laundry
outline/wash-dry-2	Laundry
outline/wash-dry-3	Laundry
outline/wash-dry-a	Laundry
outline/wash-dry-dip	Laundry
outline/wash-dry-f	Laundry
outline/wash-dry-flat	Laundry
outline/wash-dry-hang	Laundry
outline/wash-dry-off	Laundry
outline/wash-dry-p	Laundry
outline/wash-dry-shade	Laundry
outline/wash-dry-w	Laundry
outline/wash-dry	Laundry
outline/wash-dryclean-off	Laundry
outline/wash-dryclean	Laundry
outline/wash-eco	Laundry
outline/wash-gentle	Laundry
outline/wash-hand	Laundry
outline/wash-machine	Devices
outline/wash-off	Laundry
outline/wash-press	Laundry
outline/wash-temperature-1	Laundry
outline/wash-temperature-2	Laundry
outline/wash-temperature-3	Laundry
outline/wash-temperature-4	Laundry
outline/wash-temperature-5	Laundry
outline/wash-temperature-6	Laundry
outline/wash-tumble-dry	Laundry
outline/wash-tumble-off	Laundry
outline/wash	Laundry
outline/waterpolo	Sport
outline/wave-saw-tool	System
outline/wave-sine	System
outline/wave-square	System
outline/waves-electricity	System
outline/webhook-off	Development
outline/webhook	Development
outline/weight	System
outline/wheat-off	Food
outline/wheat	Food
outline/wheel	Design
outline/wheelchair-off	Vehicles
outline/wheelchair	Vehicles
outline/whirl	Weather
outline/whisk	Food
outline/wifi-0	Devices
outline/wifi-1	Devices
outline/wifi-2	Devices
outline/wifi-off	Devices
outline/wifi	Devices
outline/wind-electricity	Nature
outline/wind-off	Weather
outline/wind	Weather
outline/windmill-off	Map
outline/windmill	Map
outline/window-maximize	System
outline/window-minimize	System
outline/window-off	Buildings
outline/window	Buildings
outline/windsock	Map
outline/wiper-wash	Vehicles
outline/wiper	Vehicles
outline/woman	System
outline/wood	System
outline/world-bolt	Map
outline/world-cancel	Map
outline/world-check	Map
outline/world-code	Map
outline/world-cog	Map
outline/world-dollar	Map
outline/world-down	Map
outline/world-download	Map
outline/world-exclamation	Map
outline/world-heart	Map
outline/world-latitude	Map
outline/world-longitude	Map
outline/world-map	Map
outline/world-minus	Map
outline/world-off	Map
outline/world-pause	Map
outline/world-pin	Map
outline/world-plus	Map
outline/world-question	Map
outline/world-search	Map
outline/world-share	Map
outline/world-star	Map
outline/world-up	Map
outline/world-upload	Map
outline/world-www	Map
outline/world-x	Map
outline/world	Map
outline/wrecking-ball	Vehicles
outline/writing-off	Text
outline/writing-sign-off	Text
outline/writing-sign	Text
outline/writing	Text
outline/x-mark	System
outline/x-power-y	Math
outline/x	System
outline/xbox-a	Devices
outline/xbox-b	Devices
outline/xbox-x	Devices
outline/xbox-y	Devices
outline/xd	System
outline/xxx	System
outline/yarn	Design
outline/yin-yang	Symbols
outline/yoga	Sport
outline/zeppelin-off	Vehicles
outline/zeppelin	Vehicles
outline/zero-config	Development
outline/zip	Extensions
outline/zodiac-aquarius	Zodiac
outline/zodiac-aries	Zodiac
outline/zodiac-cancer	Zodiac
outline/zodiac-capricorn	Zodiac
outline/zodiac-gemini	Zodiac
outline/zodiac-leo	Zodiac
outline/zodiac-libra	Zodiac
outline/zodiac-pisces	Zodiac
outline/zodiac-sagittarius	Zodiac
outline/zodiac-scorpio	Zodiac
outline/zodiac-taurus	Zodiac
outline/zodiac-virgo	Zodiac
outline/zoom-cancel	Map
outline/zoom-check	Map
outline/zoom-code	Map
outline/zoom-exclamation	Map
outline/zoom-in-area	Map
outline/zoom-in	Map
outline/zoom-money	Map
outline/zoom-out-area	Map
outline/zoom-out	Map
outline/zoom-pan	Map
outline/zoom-question	Map
outline/zoom-replace	Map
outline/zoom-reset	Map
outline/zoom-scan	System
outline/zoom	Map
outline/zzz-off	System
outline/zzz	System
